Unicode,Char,Name,Ascender,Descender,Symmetry,Bouba_Score
U+0021,!,EXCLAMATION MARK,True,False,Symmetrical,0.727
U+0022,"""",QUOTATION MARK,True,False,Symmetrical,0.0
U+0023,#,NUMBER SIGN,True,False,Symmetrical,0.0
U+0024,$,DOLLAR SIGN,True,True,Symmetrical,0.735
U+0025,%,PERCENT SIGN,True,False,Symmetrical,0.903
U+0026,&,AMPERSAND,True,False,Right-Pointing,0.865
U+0027,',APOSTROPHE,True,False,Symmetrical,0.0
U+0028,(,LEFT PARENTHESIS,True,True,Right-Pointing,0.8
U+0029,),RIGHT PARENTHESIS,True,True,Left-Pointing,0.8
U+002A,*,ASTERISK,True,False,Symmetrical,0.0
U+002B,+,PLUS SIGN,True,False,Symmetrical,0.0
U+002C,",",COMMA,False,True,Symmetrical,0.667
U+002D,-,HYPHEN-MINUS,False,False,Symmetrical,0.0
U+002E,.,FULL STOP,False,False,Symmetrical,1.0
U+002F,/,SOLIDUS,True,False,Symmetrical,0.0
U+0030,0,DIGIT ZERO,True,False,Symmetrical,1.0
U+0031,1,DIGIT ONE,True,False,Left-Pointing,0.4
U+0032,2,DIGIT TWO,True,False,Symmetrical,0.667
U+0033,3,DIGIT THREE,True,False,Left-Pointing,0.806
U+0034,4,DIGIT FOUR,True,False,Left-Pointing,0.235
U+0035,5,DIGIT FIVE,True,False,Symmetrical,0.696
U+0036,6,DIGIT SIX,True,False,Symmetrical,0.939
U+0037,7,DIGIT SEVEN,True,False,Left-Pointing,0.0
U+0038,8,DIGIT EIGHT,True,False,Symmetrical,0.974
U+0039,9,DIGIT NINE,True,False,Symmetrical,0.939
U+003A,:,COLON,False,False,Symmetrical,1.0
U+003B,;,SEMICOLON,False,True,Symmetrical,0.867
U+003C,<,LESS-THAN SIGN,True,False,Symmetrical,0.0
U+003D,=,EQUALS SIGN,False,False,Symmetrical,0.0
U+003E,>,GREATER-THAN SIGN,True,False,Symmetrical,0.0
U+003F,?,QUESTION MARK,True,False,Left-Pointing,0.903
U+0040,@,COMMERCIAL AT,True,True,Symmetrical,0.93
U+0041,A,LATIN CAPITAL LETTER A,True,False,Symmetrical,0.357
U+0042,B,LATIN CAPITAL LETTER B,True,False,Right-Pointing,0.708
U+0043,C,LATIN CAPITAL LETTER C,True,False,Right-Pointing,0.895
U+0044,D,LATIN CAPITAL LETTER D,True,False,Right-Pointing,0.571
U+0045,E,LATIN CAPITAL LETTER E,True,False,Right-Pointing,0.0
U+0046,F,LATIN CAPITAL LETTER F,True,False,Right-Pointing,0.0
U+0047,G,LATIN CAPITAL LETTER G,True,False,Symmetrical,0.792
U+0048,H,LATIN CAPITAL LETTER H,True,False,Symmetrical,0.0
U+0049,I,LATIN CAPITAL LETTER I,True,False,Symmetrical,0.0
U+004A,J,LATIN CAPITAL LETTER J,True,True,Left-Pointing,0.692
U+004B,K,LATIN CAPITAL LETTER K,True,False,Right-Pointing,0.154
U+004C,L,LATIN CAPITAL LETTER L,True,False,Right-Pointing,0.0
U+004D,M,LATIN CAPITAL LETTER M,True,False,Symmetrical,0.211
U+004E,N,LATIN CAPITAL LETTER N,True,False,Symmetrical,0.312
U+004F,O,LATIN CAPITAL LETTER O,True,False,Symmetrical,1.0
U+0050,P,LATIN CAPITAL LETTER P,True,False,Right-Pointing,0.562
U+0051,Q,LATIN CAPITAL LETTER Q,True,True,Symmetrical,0.875
U+0052,R,LATIN CAPITAL LETTER R,True,False,Right-Pointing,0.474
U+0053,S,LATIN CAPITAL LETTER S,True,False,Symmetrical,0.933
U+0054,T,LATIN CAPITAL LETTER T,True,False,Symmetrical,0.0
U+0055,U,LATIN CAPITAL LETTER U,True,False,Symmetrical,0.643
U+0056,V,LATIN CAPITAL LETTER V,True,False,Symmetrical,0.4
U+0057,W,LATIN CAPITAL LETTER W,True,False,Symmetrical,0.52
U+0058,X,LATIN CAPITAL LETTER X,True,False,Symmetrical,0.0
U+0059,Y,LATIN CAPITAL LETTER Y,True,False,Symmetrical,0.0
U+005A,Z,LATIN CAPITAL LETTER Z,True,False,Symmetrical,0.0
U+005B,[,LEFT SQUARE BRACKET,True,True,Right-Pointing,0.0
U+005C,\,REVERSE SOLIDUS,True,False,Symmetrical,0.0
U+005D,],RIGHT SQUARE BRACKET,True,True,Left-Pointing,0.0
U+005E,^,CIRCUMFLEX ACCENT,True,False,Symmetrical,0.0
U+005F,_,LOW LINE,False,True,Symmetrical,0.0
U+0060,`,GRAVE ACCENT,True,False,Symmetrical,0.667
U+0061,a,LATIN SMALL LETTER A,False,False,Left-Pointing,0.714
U+0062,b,LATIN SMALL LETTER B,True,False,Right-Pointing,0.708
U+0063,c,LATIN SMALL LETTER C,False,False,Right-Pointing,0.895
U+0064,d,LATIN SMALL LETTER D,True,False,Left-Pointing,0.692
U+0065,e,LATIN SMALL LETTER E,False,False,Symmetrical,0.826
U+0066,f,LATIN SMALL LETTER F,True,False,Right-Pointing,0.421
U+0067,g,LATIN SMALL LETTER G,False,True,Left-Pointing,0.742
U+0068,h,LATIN SMALL LETTER H,True,False,Right-Pointing,0.5
U+0069,i,LATIN SMALL LETTER I,True,False,Symmetrical,0.727
U+006A,j,LATIN SMALL LETTER J,True,True,Left-Pointing,0.8
U+006B,k,LATIN SMALL LETTER K,True,False,Right-Pointing,0.294
U+006C,l,LATIN SMALL LETTER L,True,False,Symmetrical,0.0
U+006D,m,LATIN SMALL LETTER M,False,False,Symmetrical,0.5
U+006E,n,LATIN SMALL LETTER N,False,False,Symmetrical,0.438
U+006F,o,LATIN SMALL LETTER O,False,False,Symmetrical,1.0
U+0070,p,LATIN SMALL LETTER P,False,True,Right-Pointing,0.704
U+0071,q,LATIN SMALL LETTER Q,False,True,Left-Pointing,0.72
U+0072,r,LATIN SMALL LETTER R,False,False,Right-Pointing,0.562
U+0073,s,LATIN SMALL LETTER S,False,False,Symmetrical,0.933
U+0074,t,LATIN SMALL LETTER T,True,False,Symmetrical,0.429
U+0075,u,LATIN SMALL LETTER U,False,False,Symmetrical,0.467
U+0076,v,LATIN SMALL LETTER V,False,False,Symmetrical,0.462
U+0077,w,LATIN SMALL LETTER W,False,False,Symmetrical,0.464
U+0078,x,LATIN SMALL LETTER X,False,False,Symmetrical,0.0
U+0079,y,LATIN SMALL LETTER Y,False,True,Symmetrical,0.6
U+007A,z,LATIN SMALL LETTER Z,False,False,Symmetrical,0.0
U+007B,{,LEFT CURLY BRACKET,True,True,Symmetrical,0.667
U+007C,|,VERTICAL LINE,True,True,Symmetrical,0.0
U+007D,},RIGHT CURLY BRACKET,True,True,Symmetrical,0.667
U+007E,~,TILDE,False,False,Symmetrical,0.875
U+00A1,¡,INVERTED EXCLAMATION MARK,False,True,Symmetrical,0.727
U+00A2,¢,CENT SIGN,True,False,Right-Pointing,0.72
U+00A3,£,POUND SIGN,True,False,Right-Pointing,0.444
U+00A4,¤,CURRENCY SIGN,False,False,Symmetrical,0.684
U+00A5,¥,YEN SIGN,True,False,Symmetrical,0.0
U+00A6,¦,BROKEN BAR,True,True,Symmetrical,0.0
U+00A7,§,SECTION SIGN,True,False,Symmetrical,0.935
U+00A8,¨,DIAERESIS,True,False,Symmetrical,1.0
U+00A9,©,COPYRIGHT SIGN,True,False,Symmetrical,0.958
U+00AA,ª,FEMININE ORDINAL INDICATOR,True,False,Left-Pointing,0.731
U+00AB,«,LEFT-POINTING DOUBLE ANGLE QUOTATION MARK,False,False,Symmetrical,0.0
U+00AC,¬,NOT SIGN,False,False,Left-Pointing,0.0
U+00AE,®,REGISTERED SIGN,True,False,Symmetrical,0.812
U+00AF,¯,MACRON,True,False,Symmetrical,0.0
U+00B0,°,DEGREE SIGN,True,False,Symmetrical,1.0
U+00B1,±,PLUS-MINUS SIGN,True,False,Symmetrical,0.0
U+00B2,²,SUPERSCRIPT TWO,True,False,Symmetrical,0.684
U+00B3,³,SUPERSCRIPT THREE,True,False,Left-Pointing,0.793
U+00B4,´,ACUTE ACCENT,True,False,Symmetrical,0.667
U+00B5,µ,MICRO SIGN,False,True,Right-Pointing,0.45
U+00B6,¶,PILCROW SIGN,True,True,Symmetrical,0.533
U+00B7,·,MIDDLE DOT,False,False,Symmetrical,1.0
U+00B8,¸,CEDILLA,False,True,Left-Pointing,0.733
U+00B9,¹,SUPERSCRIPT ONE,True,False,Left-Pointing,0.4
U+00BA,º,MASCULINE ORDINAL INDICATOR,True,False,Symmetrical,1.0
U+00BB,»,RIGHT-POINTING DOUBLE ANGLE QUOTATION MARK,False,False,Symmetrical,0.0
U+00BC,¼,VULGAR FRACTION ONE QUARTER,True,False,Symmetrical,0.276
U+00BD,½,VULGAR FRACTION ONE HALF,True,False,Symmetrical,0.531
U+00BE,¾,VULGAR FRACTION THREE QUARTERS,True,False,Symmetrical,0.562
U+00BF,¿,INVERTED QUESTION MARK,False,True,Right-Pointing,0.903
U+00C0,À,LATIN CAPITAL LETTER A WITH GRAVE,True,False,Symmetrical,0.478
U+00C1,Á,LATIN CAPITAL LETTER A WITH ACUTE,True,False,Symmetrical,0.478
U+00C2,Â,LATIN CAPITAL LETTER A WITH CIRCUMFLEX,True,False,Symmetrical,0.536
U+00C3,Ã,LATIN CAPITAL LETTER A WITH TILDE,True,False,Symmetrical,0.655
U+00C4,Ä,LATIN CAPITAL LETTER A WITH DIAERESIS,True,False,Symmetrical,0.7
U+00C5,Å,LATIN CAPITAL LETTER A WITH RING ABOVE,True,False,Symmetrical,0.7
U+00C6,Æ,LATIN CAPITAL LETTER AE,True,False,Symmetrical,0.0
U+00C7,Ç,LATIN CAPITAL LETTER C WITH CEDILLA,True,True,Right-Pointing,0.824
U+00C8,È,LATIN CAPITAL LETTER E WITH GRAVE,True,False,Right-Pointing,0.3
U+00C9,É,LATIN CAPITAL LETTER E WITH ACUTE,True,False,Right-Pointing,0.3
U+00CA,Ê,LATIN CAPITAL LETTER E WITH CIRCUMFLEX,True,False,Right-Pointing,0.4
U+00CB,Ë,LATIN CAPITAL LETTER E WITH DIAERESIS,True,False,Right-Pointing,0.593
U+00CC,Ì,LATIN CAPITAL LETTER I WITH GRAVE,True,False,Symmetrical,0.3
U+00CD,Í,LATIN CAPITAL LETTER I WITH ACUTE,True,False,Symmetrical,0.3
U+00CE,Î,LATIN CAPITAL LETTER I WITH CIRCUMFLEX,True,False,Symmetrical,0.4
U+00CF,Ï,LATIN CAPITAL LETTER I WITH DIAERESIS,True,False,Symmetrical,0.593
U+00D0,Ð,LATIN CAPITAL LETTER ETH,True,False,Symmetrical,0.381
U+00D1,Ñ,LATIN CAPITAL LETTER N WITH TILDE,True,False,Symmetrical,0.613
U+00D2,Ò,LATIN CAPITAL LETTER O WITH GRAVE,True,False,Symmetrical,0.897
U+00D3,Ó,LATIN CAPITAL LETTER O WITH ACUTE,True,False,Symmetrical,0.897
U+00D4,Ô,LATIN CAPITAL LETTER O WITH CIRCUMFLEX,True,False,Symmetrical,0.882
U+00D5,Õ,LATIN CAPITAL LETTER O WITH TILDE,True,False,Symmetrical,0.971
U+00D6,Ö,LATIN CAPITAL LETTER O WITH DIAERESIS,True,False,Symmetrical,1.0
U+00D7,×,MULTIPLICATION SIGN,False,False,Symmetrical,0.0
U+00D8,Ø,LATIN CAPITAL LETTER O WITH STROKE,True,False,Symmetrical,0.733
U+00D9,Ù,LATIN CAPITAL LETTER U WITH GRAVE,True,False,Symmetrical,0.652
U+00DA,Ú,LATIN CAPITAL LETTER U WITH ACUTE,True,False,Symmetrical,0.652
U+00DB,Û,LATIN CAPITAL LETTER U WITH CIRCUMFLEX,True,False,Symmetrical,0.679
U+00DC,Ü,LATIN CAPITAL LETTER U WITH DIAERESIS,True,False,Symmetrical,0.833
U+00DD,Ý,LATIN CAPITAL LETTER Y WITH ACUTE,True,False,Symmetrical,0.353
U+00DE,Þ,LATIN CAPITAL LETTER THORN,True,False,Right-Pointing,0.5
U+00DF,ß,LATIN SMALL LETTER SHARP S,True,False,Right-Pointing,0.902
U+00E0,à,LATIN SMALL LETTER A WITH GRAVE,True,False,Left-Pointing,0.703
U+00E1,á,LATIN SMALL LETTER A WITH ACUTE,True,False,Left-Pointing,0.703
U+00E2,â,LATIN SMALL LETTER A WITH CIRCUMFLEX,True,False,Left-Pointing,0.714
U+00E3,ã,LATIN SMALL LETTER A WITH TILDE,True,False,Left-Pointing,0.791
U+00E4,ä,LATIN SMALL LETTER A WITH DIAERESIS,True,False,Left-Pointing,0.818
U+00E5,å,LATIN SMALL LETTER A WITH RING ABOVE,True,False,Left-Pointing,0.818
U+00E6,æ,LATIN SMALL LETTER AE,False,False,Symmetrical,0.818
U+00E7,ç,LATIN SMALL LETTER C WITH CEDILLA,False,True,Symmetrical,0.824
U+00E8,è,LATIN SMALL LETTER E WITH GRAVE,True,False,Symmetrical,0.781
U+00E9,é,LATIN SMALL LETTER E WITH ACUTE,True,False,Symmetrical,0.781
U+00EA,ê,LATIN SMALL LETTER E WITH CIRCUMFLEX,True,False,Symmetrical,0.784
U+00EB,ë,LATIN SMALL LETTER E WITH DIAERESIS,True,False,Symmetrical,0.897
U+00EC,ì,LATIN SMALL LETTER I WITH GRAVE,True,False,Left-Pointing,0.5
U+00ED,í,LATIN SMALL LETTER I WITH ACUTE,True,False,Right-Pointing,0.5
U+00EE,î,LATIN SMALL LETTER I WITH CIRCUMFLEX,True,False,Symmetrical,0.588
U+00EF,ï,LATIN SMALL LETTER I WITH DIAERESIS,True,False,Symmetrical,0.842
U+00F0,ð,LATIN SMALL LETTER ETH,True,False,Symmetrical,0.781
U+00F1,ñ,LATIN SMALL LETTER N WITH TILDE,True,False,Symmetrical,0.677
U+00F2,ò,LATIN SMALL LETTER O WITH GRAVE,True,False,Symmetrical,0.889
U+00F3,ó,LATIN SMALL LETTER O WITH ACUTE,True,False,Symmetrical,0.889
U+00F4,ô,LATIN SMALL LETTER O WITH CIRCUMFLEX,True,False,Symmetrical,0.875
U+00F5,õ,LATIN SMALL LETTER O WITH TILDE,True,False,Symmetrical,0.97
U+00F6,ö,LATIN SMALL LETTER O WITH DIAERESIS,True,False,Symmetrical,1.0
U+00F7,÷,DIVISION SIGN,False,False,Symmetrical,0.842
U+00F8,ø,LATIN SMALL LETTER O WITH STROKE,False,False,Symmetrical,0.704
U+00F9,ù,LATIN SMALL LETTER U WITH GRAVE,True,False,Symmetrical,0.542
U+00FA,ú,LATIN SMALL LETTER U WITH ACUTE,True,False,Symmetrical,0.542
U+00FB,û,LATIN SMALL LETTER U WITH CIRCUMFLEX,True,False,Symmetrical,0.586
U+00FC,ü,LATIN SMALL LETTER U WITH DIAERESIS,True,False,Symmetrical,0.742
U+00FD,ý,LATIN SMALL LETTER Y WITH ACUTE,True,True,Symmetrical,0.621
U+00FE,þ,LATIN SMALL LETTER THORN,True,True,Right-Pointing,0.724
U+00FF,ÿ,LATIN SMALL LETTER Y WITH DIAERESIS,True,True,Symmetrical,0.778
U+0100,Ā,LATIN CAPITAL LETTER A WITH MACRON,True,False,Symmetrical,0.294
U+0101,ā,LATIN SMALL LETTER A WITH MACRON,True,False,Left-Pointing,0.645
U+0102,Ă,LATIN CAPITAL LETTER A WITH BREVE,True,False,Symmetrical,0.565
U+0103,ă,LATIN SMALL LETTER A WITH BREVE,True,False,Left-Pointing,0.757
U+0104,Ą,LATIN CAPITAL LETTER A WITH OGONEK,True,True,Symmetrical,0.607
U+0105,ą,LATIN SMALL LETTER A WITH OGONEK,False,True,Left-Pointing,0.762
U+0106,Ć,LATIN CAPITAL LETTER C WITH ACUTE,True,False,Right-Pointing,0.821
U+0107,ć,LATIN SMALL LETTER C WITH ACUTE,True,False,Right-Pointing,0.821
U+0108,Ĉ,LATIN CAPITAL LETTER C WITH CIRCUMFLEX,True,False,Right-Pointing,0.818
U+0109,ĉ,LATIN SMALL LETTER C WITH CIRCUMFLEX,True,False,Right-Pointing,0.818
U+010A,Ċ,LATIN CAPITAL LETTER C WITH DOT ABOVE,True,False,Right-Pointing,0.926
U+010B,ċ,LATIN SMALL LETTER C WITH DOT ABOVE,True,False,Right-Pointing,0.926
U+010C,Č,LATIN CAPITAL LETTER C WITH CARON,True,False,Right-Pointing,0.818
U+010D,č,LATIN SMALL LETTER C WITH CARON,True,False,Right-Pointing,0.818
U+010E,Ď,LATIN CAPITAL LETTER D WITH CARON,True,False,Right-Pointing,0.643
U+010F,ď,LATIN SMALL LETTER D WITH CARON,True,False,Symmetrical,0.686
U+0110,Đ,LATIN CAPITAL LETTER D WITH STROKE,True,False,Symmetrical,0.381
U+0111,đ,LATIN SMALL LETTER D WITH STROKE,True,False,Symmetrical,0.529
U+0112,Ē,LATIN CAPITAL LETTER E WITH MACRON,True,False,Right-Pointing,0.0
U+0113,ē,LATIN SMALL LETTER E WITH MACRON,True,False,Symmetrical,0.731
U+0114,Ĕ,LATIN CAPITAL LETTER E WITH BREVE,True,False,Right-Pointing,0.4
U+0115,ĕ,LATIN SMALL LETTER E WITH BREVE,True,False,Symmetrical,0.844
U+0116,Ė,LATIN CAPITAL LETTER E WITH DOT ABOVE,True,False,Right-Pointing,0.421
U+0117,ė,LATIN SMALL LETTER E WITH DOT ABOVE,True,False,Symmetrical,0.871
U+0118,Ę,LATIN CAPITAL LETTER E WITH OGONEK,True,True,Right-Pointing,0.48
U+0119,ę,LATIN SMALL LETTER E WITH OGONEK,False,True,Symmetrical,0.857
U+011A,Ě,LATIN CAPITAL LETTER E WITH CARON,True,False,Right-Pointing,0.4
U+011B,ě,LATIN SMALL LETTER E WITH CARON,True,False,Symmetrical,0.784
U+011C,Ĝ,LATIN CAPITAL LETTER G WITH CIRCUMFLEX,True,False,Symmetrical,0.763
U+011D,ĝ,LATIN SMALL LETTER G WITH CIRCUMFLEX,True,True,Left-Pointing,0.733
U+011E,Ğ,LATIN CAPITAL LETTER G WITH BREVE,True,False,Symmetrical,0.818
U+011F,ğ,LATIN SMALL LETTER G WITH BREVE,True,True,Left-Pointing,0.775
U+0120,Ġ,LATIN CAPITAL LETTER G WITH DOT ABOVE,True,False,Symmetrical,0.844
U+0121,ġ,LATIN SMALL LETTER G WITH DOT ABOVE,True,True,Left-Pointing,0.795
U+0122,Ģ,LATIN CAPITAL LETTER G WITH CEDILLA,True,True,Symmetrical,0.758
U+0123,ģ,LATIN SMALL LETTER G WITH CEDILLA,True,True,Left-Pointing,0.725
U+0124,Ĥ,LATIN CAPITAL LETTER H WITH CIRCUMFLEX,True,False,Symmetrical,0.4
U+0125,ĥ,LATIN SMALL LETTER H WITH CIRCUMFLEX,True,False,Symmetrical,0.6
U+0126,Ħ,LATIN CAPITAL LETTER H WITH STROKE,True,False,Symmetrical,0.0
U+0127,ħ,LATIN SMALL LETTER H WITH STROKE,True,False,Symmetrical,0.36
U+0128,Ĩ,LATIN CAPITAL LETTER I WITH TILDE,True,False,Symmetrical,0.538
U+0129,ĩ,LATIN SMALL LETTER I WITH TILDE,True,False,Symmetrical,0.778
U+012A,Ī,LATIN CAPITAL LETTER I WITH MACRON,True,False,Symmetrical,0.0
U+012B,ī,LATIN SMALL LETTER I WITH MACRON,True,False,Symmetrical,0.0
U+012C,Ĭ,LATIN CAPITAL LETTER I WITH BREVE,True,False,Symmetrical,0.4
U+012D,ĭ,LATIN SMALL LETTER I WITH BREVE,True,False,Symmetrical,0.667
U+012E,Į,LATIN CAPITAL LETTER I WITH OGONEK,True,True,Symmetrical,0.48
U+012F,į,LATIN SMALL LETTER I WITH OGONEK,True,True,Left-Pointing,0.8
U+0130,İ,LATIN CAPITAL LETTER I WITH DOT ABOVE,True,False,Symmetrical,0.421
U+0131,ı,LATIN SMALL LETTER DOTLESS I,False,False,Symmetrical,0.0
U+0132,Ĳ,LATIN CAPITAL LIGATURE IJ,True,True,Left-Pointing,0.375
U+0133,ĳ,LATIN SMALL LIGATURE IJ,True,True,Symmetrical,0.774
U+0134,Ĵ,LATIN CAPITAL LETTER J WITH CIRCUMFLEX,True,True,Symmetrical,0.704
U+0135,ĵ,LATIN SMALL LETTER J WITH CIRCUMFLEX,True,True,Symmetrical,0.692
U+0136,Ķ,LATIN CAPITAL LETTER K WITH CEDILLA,True,True,Right-Pointing,0.364
U+0137,ķ,LATIN SMALL LETTER K WITH CEDILLA,True,True,Right-Pointing,0.423
U+0138,ĸ,LATIN SMALL LETTER KRA,False,False,Right-Pointing,0.25
U+0139,Ĺ,LATIN CAPITAL LETTER L WITH ACUTE,True,False,Right-Pointing,0.429
U+013A,ĺ,LATIN SMALL LETTER L WITH ACUTE,True,False,Right-Pointing,0.5
U+013B,Ļ,LATIN CAPITAL LETTER L WITH CEDILLA,True,True,Right-Pointing,0.429
U+013C,ļ,LATIN SMALL LETTER L WITH CEDILLA,True,True,Symmetrical,0.5
U+013D,Ľ,LATIN CAPITAL LETTER L WITH CARON,True,False,Right-Pointing,0.429
U+013E,ľ,LATIN SMALL LETTER L WITH CARON,True,False,Right-Pointing,0.5
U+013F,Ŀ,LATIN CAPITAL LETTER L WITH MIDDLE DOT,True,False,Right-Pointing,0.615
U+0140,ŀ,LATIN SMALL LETTER L WITH MIDDLE DOT,True,False,Right-Pointing,0.727
U+0141,Ł,LATIN CAPITAL LETTER L WITH STROKE,True,False,Right-Pointing,0.0
U+0142,ł,LATIN SMALL LETTER L WITH STROKE,True,False,Symmetrical,0.0
U+0143,Ń,LATIN CAPITAL LETTER N WITH ACUTE,True,False,Symmetrical,0.44
U+0144,ń,LATIN SMALL LETTER N WITH ACUTE,True,False,Symmetrical,0.52
U+0145,Ņ,LATIN CAPITAL LETTER N WITH CEDILLA,True,True,Symmetrical,0.44
U+0146,ņ,LATIN SMALL LETTER N WITH CEDILLA,False,True,Symmetrical,0.52
U+0147,Ň,LATIN CAPITAL LETTER N WITH CARON,True,False,Symmetrical,0.5
U+0148,ň,LATIN SMALL LETTER N WITH CARON,True,False,Symmetrical,0.567
U+0149,ŉ,LATIN SMALL LETTER N PRECEDED BY APOSTROPHE,True,False,Symmetrical,0.522
U+014A,Ŋ,LATIN CAPITAL LETTER ENG,True,True,Symmetrical,0.538
U+014B,ŋ,LATIN SMALL LETTER ENG,False,True,Left-Pointing,0.625
U+014C,Ō,LATIN CAPITAL LETTER O WITH MACRON,True,False,Symmetrical,0.87
U+014D,ō,LATIN SMALL LETTER O WITH MACRON,True,False,Symmetrical,0.857
U+014E,Ŏ,LATIN CAPITAL LETTER O WITH BREVE,True,False,Symmetrical,0.966
U+014F,ŏ,LATIN SMALL LETTER O WITH BREVE,True,False,Symmetrical,0.963
U+0150,Ő,LATIN CAPITAL LETTER O WITH DOUBLE ACUTE,True,False,Symmetrical,0.838
U+0151,ő,LATIN SMALL LETTER O WITH DOUBLE ACUTE,True,False,Symmetrical,0.829
U+0152,Œ,LATIN CAPITAL LIGATURE OE,True,False,Symmetrical,0.556
U+0153,œ,LATIN SMALL LIGATURE OE,False,False,Symmetrical,0.892
U+0154,Ŕ,LATIN CAPITAL LETTER R WITH ACUTE,True,False,Right-Pointing,0.536
U+0155,ŕ,LATIN SMALL LETTER R WITH ACUTE,True,False,Right-Pointing,0.6
U+0156,Ŗ,LATIN CAPITAL LETTER R WITH CEDILLA,True,True,Right-Pointing,0.536
U+0157,ŗ,LATIN SMALL LETTER R WITH CEDILLA,False,True,Right-Pointing,0.6
U+0158,Ř,LATIN CAPITAL LETTER R WITH CARON,True,False,Right-Pointing,0.576
U+0159,ř,LATIN SMALL LETTER R WITH CARON,True,False,Right-Pointing,0.633
U+015A,Ś,LATIN CAPITAL LETTER S WITH ACUTE,True,False,Symmetrical,0.872
U+015B,ś,LATIN SMALL LETTER S WITH ACUTE,True,False,Symmetrical,0.872
U+015C,Ŝ,LATIN CAPITAL LETTER S WITH CIRCUMFLEX,True,False,Symmetrical,0.864
U+015D,ŝ,LATIN SMALL LETTER S WITH CIRCUMFLEX,True,False,Symmetrical,0.864
U+015E,Ş,LATIN CAPITAL LETTER S WITH CEDILLA,True,True,Symmetrical,0.867
U+015F,ş,LATIN SMALL LETTER S WITH CEDILLA,False,True,Symmetrical,0.867
U+0160,Š,LATIN CAPITAL LETTER S WITH CARON,True,False,Symmetrical,0.864
U+0161,š,LATIN SMALL LETTER S WITH CARON,True,False,Symmetrical,0.864
U+0162,Ţ,LATIN CAPITAL LETTER T WITH CEDILLA,True,True,Symmetrical,0.5
U+0163,ţ,LATIN SMALL LETTER T WITH CEDILLA,True,True,Symmetrical,0.556
U+0164,Ť,LATIN CAPITAL LETTER T WITH CARON,True,False,Symmetrical,0.476
U+0165,ť,LATIN SMALL LETTER T WITH CARON,True,False,Right-Pointing,0.5
U+0166,Ŧ,LATIN CAPITAL LETTER T WITH STROKE,True,False,Symmetrical,0.0
U+0167,ŧ,LATIN SMALL LETTER T WITH STROKE,True,False,Symmetrical,0.31
U+0168,Ũ,LATIN CAPITAL LETTER U WITH TILDE,True,False,Symmetrical,0.793
U+0169,ũ,LATIN SMALL LETTER U WITH TILDE,True,False,Symmetrical,0.7
U+016A,Ū,LATIN CAPITAL LETTER U WITH MACRON,True,False,Symmetrical,0.529
U+016B,ū,LATIN SMALL LETTER U WITH MACRON,True,False,Symmetrical,0.389
U+016C,Ŭ,LATIN CAPITAL LETTER U WITH BREVE,True,False,Symmetrical,0.739
U+016D,ŭ,LATIN SMALL LETTER U WITH BREVE,True,False,Symmetrical,0.625
U+016E,Ů,LATIN CAPITAL LETTER U WITH RING ABOVE,True,False,Symmetrical,0.833
U+016F,ů,LATIN SMALL LETTER U WITH RING ABOVE,True,False,Symmetrical,0.742
U+0170,Ű,LATIN CAPITAL LETTER U WITH DOUBLE ACUTE,True,False,Symmetrical,0.645
U+0171,ű,LATIN SMALL LETTER U WITH DOUBLE ACUTE,True,False,Symmetrical,0.562
U+0172,Ų,LATIN CAPITAL LETTER U WITH OGONEK,True,True,Symmetrical,0.75
U+0173,ų,LATIN SMALL LETTER U WITH OGONEK,False,True,Symmetrical,0.655
U+0174,Ŵ,LATIN CAPITAL LETTER W WITH CIRCUMFLEX,True,False,Symmetrical,0.59
U+0175,ŵ,LATIN SMALL LETTER W WITH CIRCUMFLEX,True,False,Symmetrical,0.548
U+0176,Ŷ,LATIN CAPITAL LETTER Y WITH CIRCUMFLEX,True,False,Symmetrical,0.455
U+0177,ŷ,LATIN SMALL LETTER Y WITH CIRCUMFLEX,True,True,Symmetrical,0.647
U+0178,Ÿ,LATIN CAPITAL LETTER Y WITH DIAERESIS,True,False,Symmetrical,0.667
U+0179,Ź,LATIN CAPITAL LETTER Z WITH ACUTE,True,False,Symmetrical,0.333
U+017A,ź,LATIN SMALL LETTER Z WITH ACUTE,True,False,Symmetrical,0.333
U+017B,Ż,LATIN CAPITAL LETTER Z WITH DOT ABOVE,True,False,Symmetrical,0.471
U+017C,ż,LATIN SMALL LETTER Z WITH DOT ABOVE,True,False,Symmetrical,0.471
U+017D,Ž,LATIN CAPITAL LETTER Z WITH CARON,True,False,Symmetrical,0.435
U+017E,ž,LATIN SMALL LETTER Z WITH CARON,True,False,Symmetrical,0.435
U+017F,ſ,LATIN SMALL LETTER LONG S,True,False,Right-Pointing,0.667
U+0180,ƀ,LATIN SMALL LETTER B WITH STROKE,True,False,Symmetrical,0.515
U+0181,Ɓ,LATIN CAPITAL LETTER B WITH HOOK,True,False,Symmetrical,0.735
U+0182,Ƃ,LATIN CAPITAL LETTER B WITH TOPBAR,True,False,Right-Pointing,0.529
U+0183,ƃ,LATIN SMALL LETTER B WITH TOPBAR,True,False,Right-Pointing,0.63
U+0184,Ƅ,LATIN CAPITAL LETTER TONE SIX,True,False,Right-Pointing,0.7
U+0185,ƅ,LATIN SMALL LETTER TONE SIX,True,False,Right-Pointing,0.773
U+0186,Ɔ,LATIN CAPITAL LETTER OPEN O,True,False,Left-Pointing,0.9
U+0187,Ƈ,LATIN CAPITAL LETTER C WITH HOOK,True,False,Right-Pointing,0.828
U+0188,ƈ,LATIN SMALL LETTER C WITH HOOK,True,False,Right-Pointing,0.828
U+0189,Ɖ,LATIN CAPITAL LETTER AFRICAN D,True,False,Symmetrical,0.381
U+018A,Ɗ,LATIN CAPITAL LETTER D WITH HOOK,True,False,Symmetrical,0.727
U+018B,Ƌ,LATIN CAPITAL LETTER D WITH TOPBAR,True,False,Left-Pointing,0.5
U+018C,ƌ,LATIN SMALL LETTER D WITH TOPBAR,True,False,Left-Pointing,0.643
U+018D,ƍ,LATIN SMALL LETTER TURNED DELTA,False,True,Symmetrical,0.971
U+018E,Ǝ,LATIN CAPITAL LETTER REVERSED E,True,False,Left-Pointing,0.0
U+018F,Ə,LATIN CAPITAL LETTER SCHWA,True,False,Symmetrical,0.833
U+0190,Ɛ,LATIN CAPITAL LETTER OPEN E,True,False,Right-Pointing,0.806
U+0191,Ƒ,LATIN CAPITAL LETTER F WITH HOOK,True,True,Symmetrical,0.5
U+0192,ƒ,LATIN SMALL LETTER F WITH HOOK,True,True,Symmetrical,0.625
U+0193,Ɠ,LATIN CAPITAL LETTER G WITH HOOK,True,False,Symmetrical,0.735
U+0194,Ɣ,LATIN CAPITAL LETTER GAMMA,True,True,Symmetrical,0.76
U+0195,ƕ,LATIN SMALL LETTER HV,True,False,Right-Pointing,0.593
U+0196,Ɩ,LATIN CAPITAL LETTER IOTA,True,False,Right-Pointing,0.692
U+0197,Ɨ,LATIN CAPITAL LETTER I WITH STROKE,True,False,Symmetrical,0.0
U+0198,Ƙ,LATIN CAPITAL LETTER K WITH HOOK,True,False,Right-Pointing,0.478
U+0199,ƙ,LATIN SMALL LETTER K WITH HOOK,True,False,Right-Pointing,0.48
U+019A,ƚ,LATIN SMALL LETTER L WITH BAR,True,False,Symmetrical,0.0
U+019B,ƛ,LATIN SMALL LETTER LAMBDA WITH STROKE,True,False,Symmetrical,0.588
U+019C,Ɯ,LATIN CAPITAL LETTER TURNED M,True,False,Symmetrical,0.536
U+019D,Ɲ,LATIN CAPITAL LETTER N WITH LEFT HOOK,True,True,Symmetrical,0.52
U+019E,ƞ,LATIN SMALL LETTER N WITH LONG RIGHT LEG,False,True,Left-Pointing,0.471
U+019F,Ɵ,LATIN CAPITAL LETTER O WITH MIDDLE TILDE,True,False,Symmetrical,0.909
U+01A0,Ơ,LATIN CAPITAL LETTER O WITH HORN,True,False,Symmetrical,0.923
U+01A1,ơ,LATIN SMALL LETTER O WITH HORN,True,False,Symmetrical,0.92
U+01A2,Ƣ,LATIN CAPITAL LETTER OI,True,False,Symmetrical,0.9
U+01A3,ƣ,LATIN SMALL LETTER OI,False,True,Left-Pointing,0.885
U+01A4,Ƥ,LATIN CAPITAL LETTER P WITH HOOK,True,False,Symmetrical,0.68
U+01A5,ƥ,LATIN SMALL LETTER P WITH HOOK,True,True,Right-Pointing,0.778
U+01A6,Ʀ,LATIN LETTER YR,True,True,Right-Pointing,0.45
U+01A7,Ƨ,LATIN CAPITAL LETTER TONE TWO,True,False,Symmetrical,0.933
U+01A8,ƨ,LATIN SMALL LETTER TONE TWO,False,False,Symmetrical,0.931
U+01A9,Ʃ,LATIN CAPITAL LETTER ESH,True,False,Right-Pointing,0.312
U+01AA,ƪ,LATIN LETTER REVERSED ESH LOOP,True,True,Symmetrical,0.786
U+01AB,ƫ,LATIN SMALL LETTER T WITH PALATAL HOOK,True,True,Symmetrical,0.464
U+01AC,Ƭ,LATIN CAPITAL LETTER T WITH HOOK,True,False,Symmetrical,0.5
U+01AD,ƭ,LATIN SMALL LETTER T WITH HOOK,True,False,Symmetrical,0.571
U+01AE,Ʈ,LATIN CAPITAL LETTER T WITH RETROFLEX HOOK,True,True,Symmetrical,0.5
U+01AF,Ư,LATIN CAPITAL LETTER U WITH HORN,True,False,Right-Pointing,0.652
U+01B0,ư,LATIN SMALL LETTER U WITH HORN,True,False,Right-Pointing,0.522
U+01B1,Ʊ,LATIN CAPITAL LETTER UPSILON,True,False,Symmetrical,0.692
U+01B2,Ʋ,LATIN CAPITAL LETTER V WITH HOOK,True,False,Symmetrical,0.727
U+01B3,Ƴ,LATIN CAPITAL LETTER Y WITH HOOK,True,False,Symmetrical,0.429
U+01B4,ƴ,LATIN SMALL LETTER Y WITH HOOK,False,True,Right-Pointing,0.69
U+01B5,Ƶ,LATIN CAPITAL LETTER Z WITH STROKE,True,False,Symmetrical,0.0
U+01B6,ƶ,LATIN SMALL LETTER Z WITH STROKE,False,False,Symmetrical,0.0
U+01B7,Ʒ,LATIN CAPITAL LETTER EZH,True,False,Left-Pointing,0.6
U+01B8,Ƹ,LATIN CAPITAL LETTER EZH REVERSED,True,False,Right-Pointing,0.625
U+01B9,ƹ,LATIN SMALL LETTER EZH REVERSED,False,True,Right-Pointing,0.609
U+01BA,ƺ,LATIN SMALL LETTER EZH WITH TAIL,False,True,Symmetrical,0.71
U+01BB,ƻ,LATIN LETTER TWO WITH STROKE,True,False,Symmetrical,0.462
U+01BC,Ƽ,LATIN CAPITAL LETTER TONE FIVE,True,False,Symmetrical,0.6
U+01BD,ƽ,LATIN SMALL LETTER TONE FIVE,False,False,Symmetrical,0.583
U+01BE,ƾ,LATIN LETTER INVERTED GLOTTAL STOP WITH STROKE,True,False,Symmetrical,0.571
U+01BF,ƿ,LATIN LETTER WYNN,False,True,Right-Pointing,0.667
U+01C0,ǀ,LATIN LETTER DENTAL CLICK,True,False,Symmetrical,0.0
U+01C1,ǁ,LATIN LETTER LATERAL CLICK,True,False,Symmetrical,0.0
U+01C2,ǂ,LATIN LETTER ALVEOLAR CLICK,True,False,Symmetrical,0.0
U+01C3,ǃ,LATIN LETTER RETROFLEX CLICK,True,False,Symmetrical,0.727
U+01C4,Ǆ,LATIN CAPITAL LETTER DZ WITH CARON,True,False,Symmetrical,0.486
U+01C5,ǅ,LATIN CAPITAL LETTER D WITH SMALL LETTER Z WITH CARON,True,False,Symmetrical,0.486
U+01C6,ǆ,LATIN SMALL LETTER DZ WITH CARON,True,False,Symmetrical,0.571
U+01C7,Ǉ,LATIN CAPITAL LETTER LJ,True,True,Symmetrical,0.5
U+01C8,ǈ,LATIN CAPITAL LETTER L WITH SMALL LETTER J,True,True,Symmetrical,0.64
U+01C9,ǉ,LATIN SMALL LETTER LJ,True,True,Symmetrical,0.696
U+01CA,Ǌ,LATIN CAPITAL LETTER NJ,True,True,Symmetrical,0.483
U+01CB,ǋ,LATIN CAPITAL LETTER N WITH SMALL LETTER J,True,True,Symmetrical,0.583
U+01CC,ǌ,LATIN SMALL LETTER NJ,True,True,Left-Pointing,0.639
U+01CD,Ǎ,LATIN CAPITAL LETTER A WITH CARON,True,False,Symmetrical,0.536
U+01CE,ǎ,LATIN SMALL LETTER A WITH CARON,True,False,Left-Pointing,0.714
U+01CF,Ǐ,LATIN CAPITAL LETTER I WITH CARON,True,False,Symmetrical,0.4
U+01D0,ǐ,LATIN SMALL LETTER I WITH CARON,True,False,Symmetrical,0.588
U+01D1,Ǒ,LATIN CAPITAL LETTER O WITH CARON,True,False,Symmetrical,0.882
U+01D2,ǒ,LATIN SMALL LETTER O WITH CARON,True,False,Symmetrical,0.875
U+01D3,Ǔ,LATIN CAPITAL LETTER U WITH CARON,True,False,Symmetrical,0.679
U+01D4,ǔ,LATIN SMALL LETTER U WITH CARON,True,False,Symmetrical,0.586
U+01D5,Ǖ,LATIN CAPITAL LETTER U WITH DIAERESIS AND MACRON,True,False,Symmetrical,0.758
U+01D6,ǖ,LATIN SMALL LETTER U WITH DIAERESIS AND MACRON,True,False,Symmetrical,0.676
U+01D7,Ǘ,LATIN CAPITAL LETTER U WITH DIAERESIS AND ACUTE,True,False,Symmetrical,0.789
U+01D8,ǘ,LATIN SMALL LETTER U WITH DIAERESIS AND ACUTE,True,False,Symmetrical,0.718
U+01D9,Ǚ,LATIN CAPITAL LETTER U WITH DIAERESIS AND CARON,True,False,Symmetrical,0.795
U+01DA,ǚ,LATIN SMALL LETTER U WITH DIAERESIS AND CARON,True,False,Symmetrical,0.733
U+01DB,Ǜ,LATIN CAPITAL LETTER U WITH DIAERESIS AND GRAVE,True,False,Symmetrical,0.789
U+01DC,ǜ,LATIN SMALL LETTER U WITH DIAERESIS AND GRAVE,True,False,Symmetrical,0.718
U+01DD,ǝ,LATIN SMALL LETTER TURNED E,False,False,Symmetrical,0.864
U+01DE,Ǟ,LATIN CAPITAL LETTER A WITH DIAERESIS AND MACRON,True,False,Symmetrical,0.636
U+01DF,ǟ,LATIN SMALL LETTER A WITH DIAERESIS AND MACRON,True,False,Left-Pointing,0.766
U+01E0,Ǡ,LATIN CAPITAL LETTER A WITH DOT ABOVE AND MACRON,True,False,Symmetrical,0.52
U+01E1,ǡ,LATIN SMALL LETTER A WITH DOT ABOVE AND MACRON,True,False,Left-Pointing,0.718
U+01E2,Ǣ,LATIN CAPITAL LETTER AE WITH MACRON,True,False,Left-Pointing,0.0
U+01E3,ǣ,LATIN SMALL LETTER AE WITH MACRON,True,False,Symmetrical,0.766
U+01E4,Ǥ,LATIN CAPITAL LETTER G WITH STROKE,True,False,Symmetrical,0.576
U+01E5,ǥ,LATIN SMALL LETTER G WITH STROKE,False,True,Symmetrical,0.622
U+01E6,Ǧ,LATIN CAPITAL LETTER G WITH CARON,True,False,Symmetrical,0.763
U+01E7,ǧ,LATIN SMALL LETTER G WITH CARON,True,True,Left-Pointing,0.733
U+01E8,Ǩ,LATIN CAPITAL LETTER K WITH CARON,True,False,Right-Pointing,0.444
U+01E9,ǩ,LATIN SMALL LETTER K WITH CARON,True,False,Right-Pointing,0.484
U+01EA,Ǫ,LATIN CAPITAL LETTER O WITH OGONEK,True,True,Symmetrical,0.941
U+01EB,ǫ,LATIN SMALL LETTER O WITH OGONEK,False,True,Symmetrical,0.938
U+01EC,Ǭ,LATIN CAPITAL LETTER O WITH OGONEK AND MACRON,True,True,Symmetrical,0.865
U+01ED,ǭ,LATIN SMALL LETTER O WITH OGONEK AND MACRON,True,True,Symmetrical,0.857
U+01EE,Ǯ,LATIN CAPITAL LETTER EZH WITH CARON,True,False,Left-Pointing,0.647
U+01EF,ǯ,LATIN SMALL LETTER EZH WITH CARON,True,True,Left-Pointing,0.667
U+01F0,ǰ,LATIN SMALL LETTER J WITH CARON,True,True,Symmetrical,0.692
U+01F1,Ǳ,LATIN CAPITAL LETTER DZ,True,False,Symmetrical,0.348
U+01F2,ǲ,LATIN CAPITAL LETTER D WITH SMALL LETTER Z,True,False,Right-Pointing,0.348
U+01F3,ǳ,LATIN SMALL LETTER DZ,True,False,Symmetrical,0.514
U+01F4,Ǵ,LATIN CAPITAL LETTER G WITH ACUTE,True,False,Symmetrical,0.758
U+01F5,ǵ,LATIN SMALL LETTER G WITH ACUTE,True,True,Left-Pointing,0.725
U+01F6,Ƕ,LATIN CAPITAL LETTER HWAIR,True,False,Symmetrical,0.381
U+01F7,Ƿ,LATIN CAPITAL LETTER WYNN,True,True,Right-Pointing,0.696
U+01F8,Ǹ,LATIN CAPITAL LETTER N WITH GRAVE,True,False,Symmetrical,0.44
U+01F9,ǹ,LATIN SMALL LETTER N WITH GRAVE,True,False,Symmetrical,0.52
U+01FA,Ǻ,LATIN CAPITAL LETTER A WITH RING ABOVE AND ACUTE,True,False,Symmetrical,0.686
U+01FB,ǻ,LATIN SMALL LETTER A WITH RING ABOVE AND ACUTE,True,False,Left-Pointing,0.788
U+01FC,Ǽ,LATIN CAPITAL LETTER AE WITH ACUTE,True,False,Left-Pointing,0.222
U+01FD,ǽ,LATIN SMALL LETTER AE WITH ACUTE,True,False,Symmetrical,0.792
U+01FE,Ǿ,LATIN CAPITAL LETTER O WITH STROKE AND ACUTE,True,False,Symmetrical,0.718
U+01FF,ǿ,LATIN SMALL LETTER O WITH STROKE AND ACUTE,True,False,Symmetrical,0.694
U+0200,Ȁ,LATIN CAPITAL LETTER A WITH DOUBLE GRAVE,True,False,Symmetrical,0.5
U+0201,ȁ,LATIN SMALL LETTER A WITH DOUBLE GRAVE,True,False,Symmetrical,0.682
U+0202,Ȃ,LATIN CAPITAL LETTER A WITH INVERTED BREVE,True,False,Symmetrical,0.542
U+0203,ȃ,LATIN SMALL LETTER A WITH INVERTED BREVE,True,False,Left-Pointing,0.737
U+0204,Ȅ,LATIN CAPITAL LETTER E WITH DOUBLE GRAVE,True,False,Right-Pointing,0.37
U+0205,ȅ,LATIN SMALL LETTER E WITH DOUBLE GRAVE,True,False,Symmetrical,0.744
U+0206,Ȇ,LATIN CAPITAL LETTER E WITH INVERTED BREVE,True,False,Right-Pointing,0.381
U+0207,ȇ,LATIN SMALL LETTER E WITH INVERTED BREVE,True,False,Symmetrical,0.818
U+0208,Ȉ,LATIN CAPITAL LETTER I WITH DOUBLE GRAVE,True,False,Left-Pointing,0.37
U+0209,ȉ,LATIN SMALL LETTER I WITH DOUBLE GRAVE,True,False,Left-Pointing,0.526
U+020A,Ȋ,LATIN CAPITAL LETTER I WITH INVERTED BREVE,True,False,Symmetrical,0.381
U+020B,ȋ,LATIN SMALL LETTER I WITH INVERTED BREVE,True,False,Symmetrical,0.615
U+020C,Ȍ,LATIN CAPITAL LETTER O WITH DOUBLE GRAVE,True,False,Symmetrical,0.833
U+020D,ȍ,LATIN SMALL LETTER O WITH DOUBLE GRAVE,True,False,Symmetrical,0.824
U+020E,Ȏ,LATIN CAPITAL LETTER O WITH INVERTED BREVE,True,False,Symmetrical,0.933
U+020F,ȏ,LATIN SMALL LETTER O WITH INVERTED BREVE,True,False,Symmetrical,0.929
U+0210,Ȑ,LATIN CAPITAL LETTER R WITH DOUBLE GRAVE,True,False,Right-Pointing,0.543
U+0211,ȑ,LATIN SMALL LETTER R WITH DOUBLE GRAVE,True,False,Right-Pointing,0.594
U+0212,Ȓ,LATIN CAPITAL LETTER R WITH INVERTED BREVE,True,False,Right-Pointing,0.586
U+0213,ȓ,LATIN SMALL LETTER R WITH INVERTED BREVE,True,False,Right-Pointing,0.654
U+0214,Ȕ,LATIN CAPITAL LETTER U WITH DOUBLE GRAVE,True,False,Symmetrical,0.633
U+0215,ȕ,LATIN SMALL LETTER U WITH DOUBLE GRAVE,True,False,Symmetrical,0.548
U+0216,Ȗ,LATIN CAPITAL LETTER U WITH INVERTED BREVE,True,False,Symmetrical,0.708
U+0217,ȗ,LATIN SMALL LETTER U WITH INVERTED BREVE,True,False,Symmetrical,0.6
U+0218,Ș,LATIN CAPITAL LETTER S WITH COMMA BELOW,True,True,Symmetrical,0.872
U+0219,ș,LATIN SMALL LETTER S WITH COMMA BELOW,False,True,Symmetrical,0.872
U+021A,Ț,LATIN CAPITAL LETTER T WITH COMMA BELOW,True,True,Symmetrical,0.375
U+021B,ț,LATIN SMALL LETTER T WITH COMMA BELOW,True,True,Symmetrical,0.5
U+021C,Ȝ,LATIN CAPITAL LETTER YOGH,True,True,Left-Pointing,0.933
U+021D,ȝ,LATIN SMALL LETTER YOGH,False,True,Left-Pointing,0.926
U+021E,Ȟ,LATIN CAPITAL LETTER H WITH CARON,True,False,Symmetrical,0.4
U+021F,ȟ,LATIN SMALL LETTER H WITH CARON,True,False,Symmetrical,0.6
U+0220,Ƞ,LATIN CAPITAL LETTER N WITH LONG RIGHT LEG,True,True,Symmetrical,0.5
U+0221,ȡ,LATIN SMALL LETTER D WITH CURL,True,True,Symmetrical,0.87
U+0222,Ȣ,LATIN CAPITAL LETTER OU,True,False,Symmetrical,0.812
U+0223,ȣ,LATIN SMALL LETTER OU,True,False,Symmetrical,0.806
U+0224,Ȥ,LATIN CAPITAL LETTER Z WITH HOOK,True,True,Symmetrical,0.368
U+0225,ȥ,LATIN SMALL LETTER Z WITH HOOK,False,True,Left-Pointing,0.389
U+0226,Ȧ,LATIN CAPITAL LETTER A WITH DOT ABOVE,True,False,Symmetrical,0.591
U+0227,ȧ,LATIN SMALL LETTER A WITH DOT ABOVE,True,False,Left-Pointing,0.778
U+0228,Ȩ,LATIN CAPITAL LETTER E WITH CEDILLA,True,True,Right-Pointing,0.423
U+0229,ȩ,LATIN SMALL LETTER E WITH CEDILLA,False,True,Symmetrical,0.789
U+022A,Ȫ,LATIN CAPITAL LETTER O WITH DIAERESIS AND MACRON,True,False,Symmetrical,0.923
U+022B,ȫ,LATIN SMALL LETTER O WITH DIAERESIS AND MACRON,True,False,Symmetrical,0.919
U+022C,Ȭ,LATIN CAPITAL LETTER O WITH TILDE AND MACRON,True,False,Symmetrical,0.895
U+022D,ȭ,LATIN SMALL LETTER O WITH TILDE AND MACRON,True,False,Symmetrical,0.889
U+022E,Ȯ,LATIN CAPITAL LETTER O WITH DOT ABOVE,True,False,Symmetrical,1.0
U+022F,ȯ,LATIN SMALL LETTER O WITH DOT ABOVE,True,False,Symmetrical,1.0
U+0230,Ȱ,LATIN CAPITAL LETTER O WITH DOT ABOVE AND MACRON,True,False,Symmetrical,0.903
U+0231,ȱ,LATIN SMALL LETTER O WITH DOT ABOVE AND MACRON,True,False,Symmetrical,0.897
U+0232,Ȳ,LATIN CAPITAL LETTER Y WITH MACRON,True,False,Symmetrical,0.0
U+0233,ȳ,LATIN SMALL LETTER Y WITH MACRON,True,True,Symmetrical,0.522
U+0234,ȴ,LATIN SMALL LETTER L WITH CURL,True,False,Right-Pointing,0.85
U+0235,ȵ,LATIN SMALL LETTER N WITH CURL,False,False,Symmetrical,0.75
U+0236,ȶ,LATIN SMALL LETTER T WITH CURL,True,False,Symmetrical,0.607
U+0237,ȷ,LATIN SMALL LETTER DOTLESS J,False,True,Left-Pointing,0.667
U+0238,ȸ,LATIN SMALL LETTER DB DIGRAPH,True,False,Symmetrical,0.872
U+0239,ȹ,LATIN SMALL LETTER QP DIGRAPH,False,True,Symmetrical,0.872
U+023A,Ⱥ,LATIN CAPITAL LETTER A WITH STROKE,True,True,Symmetrical,0.208
U+023B,Ȼ,LATIN CAPITAL LETTER C WITH STROKE,True,True,Right-Pointing,0.69
U+023C,ȼ,LATIN SMALL LETTER C WITH STROKE,True,True,Right-Pointing,0.607
U+023D,Ƚ,LATIN CAPITAL LETTER L WITH BAR,True,False,Right-Pointing,0.0
U+023E,Ⱦ,LATIN CAPITAL LETTER T WITH DIAGONAL STROKE,True,True,Symmetrical,0.0
U+023F,ȿ,LATIN SMALL LETTER S WITH SWASH TAIL,False,True,Symmetrical,0.929
U+0240,ɀ,LATIN SMALL LETTER Z WITH SWASH TAIL,False,True,Symmetrical,0.591
U+0241,Ɂ,LATIN CAPITAL LETTER GLOTTAL STOP,True,False,Left-Pointing,0.75
U+0242,ɂ,LATIN SMALL LETTER GLOTTAL STOP,False,False,Left-Pointing,0.75
U+0243,Ƀ,LATIN CAPITAL LETTER B WITH STROKE,True,False,Symmetrical,0.531
U+0244,Ʉ,LATIN CAPITAL LETTER U BAR,True,False,Symmetrical,0.36
U+0245,Ʌ,LATIN CAPITAL LETTER TURNED V,True,False,Symmetrical,0.4
U+0246,Ɇ,LATIN CAPITAL LETTER E WITH STROKE,True,True,Right-Pointing,0.0
U+0247,ɇ,LATIN SMALL LETTER E WITH STROKE,True,True,Symmetrical,0.588
U+0248,Ɉ,LATIN CAPITAL LETTER J WITH STROKE,True,True,Left-Pointing,0.429
U+0249,ɉ,LATIN SMALL LETTER J WITH STROKE,True,True,Left-Pointing,0.571
U+024A,Ɋ,LATIN CAPITAL LETTER SMALL Q WITH HOOK TAIL,True,True,Symmetrical,0.789
U+024B,ɋ,LATIN SMALL LETTER Q WITH HOOK TAIL,False,True,Symmetrical,0.771
U+024C,Ɍ,LATIN CAPITAL LETTER R WITH STROKE,True,False,Symmetrical,0.391
U+024D,ɍ,LATIN SMALL LETTER R WITH STROKE,False,False,Right-Pointing,0.381
U+024E,Ɏ,LATIN CAPITAL LETTER Y WITH STROKE,True,False,Symmetrical,0.0
U+024F,ɏ,LATIN SMALL LETTER Y WITH STROKE,False,True,Symmetrical,0.375
U+0250,ɐ,LATIN SMALL LETTER TURNED A,False,False,Right-Pointing,0.714
U+0251,ɑ,LATIN SMALL LETTER ALPHA,False,False,Symmetrical,0.774
U+0252,ɒ,LATIN SMALL LETTER TURNED ALPHA,False,False,Symmetrical,0.774
U+0253,ɓ,LATIN SMALL LETTER B WITH HOOK,True,False,Right-Pointing,0.774
U+0254,ɔ,LATIN SMALL LETTER OPEN O,False,False,Left-Pointing,0.9
U+0255,ɕ,LATIN SMALL LETTER C WITH CURL,False,False,Right-Pointing,0.938
U+0256,ɖ,LATIN SMALL LETTER D WITH TAIL,True,True,Symmetrical,0.784
U+0257,ɗ,LATIN SMALL LETTER D WITH HOOK,True,False,Symmetrical,0.758
U+0258,ɘ,LATIN SMALL LETTER REVERSED E,False,False,Symmetrical,0.826
U+0259,ə,LATIN SMALL LETTER SCHWA,False,False,Symmetrical,0.864
U+025A,ɚ,LATIN SMALL LETTER SCHWA WITH HOOK,False,False,Right-Pointing,0.788
U+025B,ɛ,LATIN SMALL LETTER OPEN E,False,False,Right-Pointing,0.821
U+025C,ɜ,LATIN SMALL LETTER REVERSED OPEN E,False,False,Left-Pointing,0.793
U+025D,ɝ,LATIN SMALL LETTER REVERSED OPEN E WITH HOOK,False,False,Right-Pointing,0.756
U+025E,ɞ,LATIN SMALL LETTER CLOSED REVERSED OPEN E,False,False,Symmetrical,0.867
U+025F,ɟ,LATIN SMALL LETTER DOTLESS J WITH STROKE,False,True,Left-Pointing,0.4
U+0260,ɠ,LATIN SMALL LETTER G WITH HOOK,True,True,Symmetrical,0.805
U+0261,ɡ,LATIN SMALL LETTER SCRIPT G,False,True,Left-Pointing,0.742
U+0262,ɢ,LATIN LETTER SMALL CAPITAL G,False,False,Symmetrical,0.727
U+0263,ɣ,LATIN SMALL LETTER GAMMA,False,True,Symmetrical,0.75
U+0264,ɤ,LATIN SMALL LETTER RAMS HORN,False,False,Symmetrical,0.837
U+0265,ɥ,LATIN SMALL LETTER TURNED H,False,True,Left-Pointing,0.5
U+0266,ɦ,LATIN SMALL LETTER H WITH HOOK,True,False,Right-Pointing,0.652
U+0267,ɧ,LATIN SMALL LETTER HENG WITH HOOK,True,True,Symmetrical,0.71
U+0268,ɨ,LATIN SMALL LETTER I WITH STROKE,True,False,Symmetrical,0.421
U+0269,ɩ,LATIN SMALL LETTER IOTA,False,False,Right-Pointing,0.75
U+026A,ɪ,LATIN LETTER SMALL CAPITAL I,False,False,Symmetrical,0.0
U+026B,ɫ,LATIN SMALL LETTER L WITH MIDDLE TILDE,True,False,Symmetrical,0.667
U+026C,ɬ,LATIN SMALL LETTER L WITH BELT,True,False,Symmetrical,0.542
U+026D,ɭ,LATIN SMALL LETTER L WITH RETROFLEX HOOK,True,True,Right-Pointing,0.692
U+026E,ɮ,LATIN SMALL LETTER LEZH,True,True,Right-Pointing,0.5
U+026F,ɯ,LATIN SMALL LETTER TURNED M,False,False,Symmetrical,0.5
U+0270,ɰ,LATIN SMALL LETTER TURNED M WITH LONG LEG,False,True,Left-Pointing,0.556
U+0271,ɱ,LATIN SMALL LETTER M WITH HOOK,False,True,Symmetrical,0.606
U+0272,ɲ,LATIN SMALL LETTER N WITH LEFT HOOK,False,True,Symmetrical,0.64
U+0273,ɳ,LATIN SMALL LETTER N WITH RETROFLEX HOOK,False,True,Symmetrical,0.667
U+0274,ɴ,LATIN LETTER SMALL CAPITAL N,False,False,Symmetrical,0.4
U+0275,ɵ,LATIN SMALL LETTER BARRED O,False,False,Symmetrical,0.9
U+0276,ɶ,LATIN LETTER SMALL CAPITAL OE,False,False,Symmetrical,0.552
U+0277,ɷ,LATIN SMALL LETTER CLOSED OMEGA,False,False,Symmetrical,0.857
U+0278,ɸ,LATIN SMALL LETTER PHI,True,True,Symmetrical,0.783
U+0279,ɹ,LATIN SMALL LETTER TURNED R,False,False,Left-Pointing,0.562
U+027A,ɺ,LATIN SMALL LETTER TURNED R WITH LONG LEG,True,False,Left-Pointing,0.562
U+027B,ɻ,LATIN SMALL LETTER TURNED R WITH HOOK,False,True,Left-Pointing,0.741
U+027C,ɼ,LATIN SMALL LETTER R WITH LONG LEG,False,True,Right-Pointing,0.562
U+027D,ɽ,LATIN SMALL LETTER R WITH TAIL,False,True,Right-Pointing,0.72
U+027E,ɾ,LATIN SMALL LETTER R WITH FISHHOOK,False,False,Right-Pointing,0.692
U+027F,ɿ,LATIN SMALL LETTER REVERSED R WITH FISHHOOK,False,True,Left-Pointing,0.692
U+0280,ʀ,LATIN LETTER SMALL CAPITAL R,False,False,Right-Pointing,0.5
U+0281,ʁ,LATIN LETTER SMALL CAPITAL INVERTED R,False,False,Right-Pointing,0.5
U+0282,ʂ,LATIN SMALL LETTER S WITH HOOK,False,True,Right-Pointing,0.9
U+0283,ʃ,LATIN SMALL LETTER ESH,True,True,Symmetrical,0.818
U+0284,ʄ,LATIN SMALL LETTER DOTLESS J WITH STROKE AND HOOK,True,True,Symmetrical,0.6
U+0285,ʅ,LATIN SMALL LETTER SQUAT REVERSED ESH,False,True,Symmetrical,0.818
U+0286,ʆ,LATIN SMALL LETTER ESH WITH CURL,True,True,Symmetrical,0.71
U+0287,ʇ,LATIN SMALL LETTER TURNED T,False,True,Symmetrical,0.429
U+0288,ʈ,LATIN SMALL LETTER T WITH RETROFLEX HOOK,True,True,Right-Pointing,0.429
U+0289,ʉ,LATIN SMALL LETTER U BAR,False,False,Symmetrical,0.28
U+028A,ʊ,LATIN SMALL LETTER UPSILON,False,False,Symmetrical,0.68
U+028B,ʋ,LATIN SMALL LETTER V WITH HOOK,False,False,Symmetrical,0.727
U+028C,ʌ,LATIN SMALL LETTER TURNED V,False,False,Symmetrical,0.462
U+028D,ʍ,LATIN SMALL LETTER TURNED W,False,False,Symmetrical,0.464
U+028E,ʎ,LATIN SMALL LETTER TURNED Y,True,False,Symmetrical,0.6
U+028F,ʏ,LATIN LETTER SMALL CAPITAL Y,False,False,Symmetrical,0.0
U+0290,ʐ,LATIN SMALL LETTER Z WITH RETROFLEX HOOK,False,True,Symmetrical,0.429
U+0291,ʑ,LATIN SMALL LETTER Z WITH CURL,False,True,Symmetrical,0.6
U+0292,ʒ,LATIN SMALL LETTER EZH,False,True,Left-Pointing,0.636
U+0293,ʓ,LATIN SMALL LETTER EZH WITH CURL,False,True,Symmetrical,0.757
U+0294,ʔ,LATIN LETTER GLOTTAL STOP,True,False,Left-Pointing,0.75
U+0295,ʕ,LATIN LETTER PHARYNGEAL VOICED FRICATIVE,True,False,Right-Pointing,0.75
U+0296,ʖ,LATIN LETTER INVERTED GLOTTAL STOP,True,False,Left-Pointing,0.75
U+0297,ʗ,LATIN LETTER STRETCHED C,False,True,Right-Pointing,0.909
U+0298,ʘ,LATIN LETTER BILABIAL CLICK,True,False,Symmetrical,1.0
U+0299,ʙ,LATIN LETTER SMALL CAPITAL B,False,False,Symmetrical,0.696
U+029A,ʚ,LATIN SMALL LETTER CLOSED OPEN E,False,False,Symmetrical,0.846
U+029B,ʛ,LATIN LETTER SMALL CAPITAL G WITH HOOK,True,False,Symmetrical,0.719
U+029C,ʜ,LATIN LETTER SMALL CAPITAL H,False,False,Symmetrical,0.0
U+029D,ʝ,LATIN SMALL LETTER J WITH CROSSED-TAIL,True,True,Left-Pointing,0.7
U+029E,ʞ,LATIN SMALL LETTER TURNED K,False,True,Left-Pointing,0.294
U+029F,ʟ,LATIN LETTER SMALL CAPITAL L,False,False,Right-Pointing,0.0
U+02A0,ʠ,LATIN SMALL LETTER Q WITH HOOK,True,True,Symmetrical,0.806
U+02A1,ʡ,LATIN LETTER GLOTTAL STOP WITH STROKE,True,False,Symmetrical,0.5
U+02A2,ʢ,LATIN LETTER REVERSED GLOTTAL STOP WITH STROKE,True,False,Symmetrical,0.5
U+02A3,ʣ,LATIN SMALL LETTER DZ DIGRAPH,True,False,Symmetrical,0.545
U+02A4,ʤ,LATIN SMALL LETTER DEZH DIGRAPH,True,True,Symmetrical,0.653
U+02A5,ʥ,LATIN SMALL LETTER DZ DIGRAPH WITH CURL,True,True,Symmetrical,0.688
U+02A6,ʦ,LATIN SMALL LETTER TS DIGRAPH,True,False,Symmetrical,0.738
U+02A7,ʧ,LATIN SMALL LETTER TESH DIGRAPH,True,True,Symmetrical,0.643
U+02A8,ʨ,LATIN SMALL LETTER TC DIGRAPH WITH CURL,True,False,Symmetrical,0.75
U+02A9,ʩ,LATIN SMALL LETTER FENG DIGRAPH,True,True,Symmetrical,0.548
U+02AA,ʪ,LATIN SMALL LETTER LS DIGRAPH,True,False,Right-Pointing,0.818
U+02AB,ʫ,LATIN SMALL LETTER LZ DIGRAPH,True,False,Right-Pointing,0.0
U+02AC,ʬ,LATIN LETTER BILABIAL PERCUSSIVE,True,False,Symmetrical,0.0
U+02AD,ʭ,LATIN LETTER BIDENTAL PERCUSSIVE,True,False,Symmetrical,0.0
U+02AE,ʮ,LATIN SMALL LETTER TURNED H WITH FISHHOOK,False,True,Left-Pointing,0.654
U+02AF,ʯ,LATIN SMALL LETTER TURNED H WITH FISHHOOK AND TAIL,False,True,Left-Pointing,0.743
U+0370,Ͱ,GREEK CAPITAL LETTER HETA,True,False,Right-Pointing,0.0
U+0371,ͱ,GREEK SMALL LETTER HETA,False,False,Right-Pointing,0.0
U+0372,Ͳ,GREEK CAPITAL LETTER ARCHAIC SAMPI,True,False,Symmetrical,0.0
U+0373,ͳ,GREEK SMALL LETTER ARCHAIC SAMPI,True,False,Symmetrical,0.0
U+0374,ʹ,GREEK NUMERAL SIGN,True,False,Symmetrical,0.571
U+0375,͵,GREEK LOWER NUMERAL SIGN,False,True,Symmetrical,0.571
U+0376,Ͷ,GREEK CAPITAL LETTER PAMPHYLIAN DIGAMMA,True,False,Symmetrical,0.353
U+0377,ͷ,GREEK SMALL LETTER PAMPHYLIAN DIGAMMA,False,False,Symmetrical,0.4
U+037A,ͺ,GREEK YPOGEGRAMMENI,False,True,Right-Pointing,0.7
U+037B,ͻ,GREEK SMALL REVERSED LUNATE SIGMA SYMBOL,False,False,Left-Pointing,0.9
U+037C,ͼ,GREEK SMALL DOTTED LUNATE SIGMA SYMBOL,False,False,Right-Pointing,0.926
U+037D,ͽ,GREEK SMALL REVERSED DOTTED LUNATE SIGMA SYMBOL,False,False,Left-Pointing,0.929
U+037E,;,GREEK QUESTION MARK,False,True,Symmetrical,0.867
U+037F,Ϳ,GREEK CAPITAL LETTER YOT,True,True,Left-Pointing,0.692
U+0384,΄,GREEK TONOS,True,False,Symmetrical,0.667
U+0385,΅,GREEK DIALYTIKA TONOS,True,False,Symmetrical,0.87
U+0386,Ά,GREEK CAPITAL LETTER ALPHA WITH TONOS,True,False,Symmetrical,0.478
U+0387,·,GREEK ANO TELEIA,False,False,Symmetrical,1.0
U+0388,Έ,GREEK CAPITAL LETTER EPSILON WITH TONOS,True,False,Symmetrical,0.3
U+0389,Ή,GREEK CAPITAL LETTER ETA WITH TONOS,True,False,Left-Pointing,0.3
U+038A,Ί,GREEK CAPITAL LETTER IOTA WITH TONOS,True,False,Left-Pointing,0.3
U+038C,Ό,GREEK CAPITAL LETTER OMICRON WITH TONOS,True,False,Symmetrical,0.897
U+038E,Ύ,GREEK CAPITAL LETTER UPSILON WITH TONOS,True,False,Symmetrical,0.353
U+038F,Ώ,GREEK CAPITAL LETTER OMEGA WITH TONOS,True,False,Symmetrical,0.686
U+0390,ΐ,GREEK SMALL LETTER IOTA WITH DIALYTIKA AND TONOS,True,False,Symmetrical,0.829
U+0391,Α,GREEK CAPITAL LETTER ALPHA,True,False,Symmetrical,0.357
U+0392,Β,GREEK CAPITAL LETTER BETA,True,False,Right-Pointing,0.708
U+0393,Γ,GREEK CAPITAL LETTER GAMMA,True,False,Right-Pointing,0.0
U+0394,Δ,GREEK CAPITAL LETTER DELTA,True,False,Symmetrical,0.364
U+0395,Ε,GREEK CAPITAL LETTER EPSILON,True,False,Right-Pointing,0.0
U+0396,Ζ,GREEK CAPITAL LETTER ZETA,True,False,Symmetrical,0.0
U+0397,Η,GREEK CAPITAL LETTER ETA,True,False,Symmetrical,0.0
U+0398,Θ,GREEK CAPITAL LETTER THETA,True,False,Symmetrical,0.87
U+0399,Ι,GREEK CAPITAL LETTER IOTA,True,False,Symmetrical,0.0
U+039A,Κ,GREEK CAPITAL LETTER KAPPA,True,False,Right-Pointing,0.154
U+039B,Λ,GREEK CAPITAL LETTER LAMDA,True,False,Symmetrical,0.4
U+039C,Μ,GREEK CAPITAL LETTER MU,True,False,Symmetrical,0.211
U+039D,Ν,GREEK CAPITAL LETTER NU,True,False,Symmetrical,0.312
U+039E,Ξ,GREEK CAPITAL LETTER XI,True,False,Symmetrical,0.0
U+039F,Ο,GREEK CAPITAL LETTER OMICRON,True,False,Symmetrical,1.0
U+03A0,Π,GREEK CAPITAL LETTER PI,True,False,Symmetrical,0.0
U+03A1,Ρ,GREEK CAPITAL LETTER RHO,True,False,Right-Pointing,0.562
U+03A3,Σ,GREEK CAPITAL LETTER SIGMA,True,False,Right-Pointing,0.312
U+03A4,Τ,GREEK CAPITAL LETTER TAU,True,False,Symmetrical,0.0
U+03A5,Υ,GREEK CAPITAL LETTER UPSILON,True,False,Symmetrical,0.0
U+03A6,Φ,GREEK CAPITAL LETTER PHI,True,False,Symmetrical,0.828
U+03A7,Χ,GREEK CAPITAL LETTER CHI,True,False,Symmetrical,0.0
U+03A8,Ψ,GREEK CAPITAL LETTER PSI,True,False,Symmetrical,0.522
U+03A9,Ω,GREEK CAPITAL LETTER OMEGA,True,False,Symmetrical,0.692
U+03AA,Ϊ,GREEK CAPITAL LETTER IOTA WITH DIALYTIKA,True,False,Symmetrical,0.593
U+03AB,Ϋ,GREEK CAPITAL LETTER UPSILON WITH DIALYTIKA,True,False,Symmetrical,0.667
U+03AC,ά,GREEK SMALL LETTER ALPHA WITH TONOS,True,False,Symmetrical,0.795
U+03AD,έ,GREEK SMALL LETTER EPSILON WITH TONOS,True,False,Symmetrical,0.784
U+03AE,ή,GREEK SMALL LETTER ETA WITH TONOS,True,True,Left-Pointing,0.538
U+03AF,ί,GREEK SMALL LETTER IOTA WITH TONOS,True,False,Right-Pointing,0.714
U+03B0,ΰ,GREEK SMALL LETTER UPSILON WITH DIALYTIKA AND TONOS,True,False,Symmetrical,0.825
U+03B1,α,GREEK SMALL LETTER ALPHA,False,False,Symmetrical,0.829
U+03B2,β,GREEK SMALL LETTER BETA,True,True,Right-Pointing,0.771
U+03B3,γ,GREEK SMALL LETTER GAMMA,False,True,Symmetrical,0.632
U+03B4,δ,GREEK SMALL LETTER DELTA,True,False,Symmetrical,0.971
U+03B5,ε,GREEK SMALL LETTER EPSILON,False,False,Right-Pointing,0.821
U+03B6,ζ,GREEK SMALL LETTER ZETA,True,True,Symmetrical,0.833
U+03B7,η,GREEK SMALL LETTER ETA,False,True,Left-Pointing,0.471
U+03B8,θ,GREEK SMALL LETTER THETA,True,False,Symmetrical,0.9
U+03B9,ι,GREEK SMALL LETTER IOTA,False,False,Right-Pointing,0.75
U+03BA,κ,GREEK SMALL LETTER KAPPA,False,False,Right-Pointing,0.25
U+03BB,λ,GREEK SMALL LETTER LAMDA,True,False,Symmetrical,0.724
U+03BC,μ,GREEK SMALL LETTER MU,False,True,Right-Pointing,0.45
U+03BD,ν,GREEK SMALL LETTER NU,False,False,Symmetrical,0.643
U+03BE,ξ,GREEK SMALL LETTER XI,True,True,Symmetrical,0.756
U+03BF,ο,GREEK SMALL LETTER OMICRON,False,False,Symmetrical,1.0
U+03C0,π,GREEK SMALL LETTER PI,False,False,Symmetrical,0.35
U+03C1,ρ,GREEK SMALL LETTER RHO,False,True,Right-Pointing,0.783
U+03C2,ς,GREEK SMALL LETTER FINAL SIGMA,False,True,Symmetrical,0.923
U+03C3,σ,GREEK SMALL LETTER SIGMA,False,False,Symmetrical,0.818
U+03C4,τ,GREEK SMALL LETTER TAU,False,False,Symmetrical,0.529
U+03C5,υ,GREEK SMALL LETTER UPSILON,False,False,Symmetrical,0.765
U+03C6,φ,GREEK SMALL LETTER PHI,False,True,Symmetrical,0.833
U+03C7,χ,GREEK SMALL LETTER CHI,False,True,Symmetrical,0.571
U+03C8,ψ,GREEK SMALL LETTER PSI,True,True,Symmetrical,0.625
U+03C9,ω,GREEK SMALL LETTER OMEGA,False,False,Symmetrical,0.828
U+03CA,ϊ,GREEK SMALL LETTER IOTA WITH DIALYTIKA,True,False,Symmetrical,0.893
U+03CB,ϋ,GREEK SMALL LETTER UPSILON WITH DIALYTIKA,True,False,Symmetrical,0.879
U+03CC,ό,GREEK SMALL LETTER OMICRON WITH TONOS,True,False,Symmetrical,0.889
U+03CD,ύ,GREEK SMALL LETTER UPSILON WITH TONOS,True,False,Symmetrical,0.731
U+03CE,ώ,GREEK SMALL LETTER OMEGA WITH TONOS,True,False,Symmetrical,0.789
U+03CF,Ϗ,GREEK CAPITAL KAI SYMBOL,True,True,Right-Pointing,0.455
U+03D0,ϐ,GREEK BETA SYMBOL,True,False,Symmetrical,1.0
U+03D1,ϑ,GREEK THETA SYMBOL,True,False,Symmetrical,0.909
U+03D2,ϒ,GREEK UPSILON WITH HOOK SYMBOL,True,False,Symmetrical,0.7
U+03D3,ϓ,GREEK UPSILON WITH ACUTE AND HOOK SYMBOL,True,False,Symmetrical,0.69
U+03D4,ϔ,GREEK UPSILON WITH DIAERESIS AND HOOK SYMBOL,True,False,Symmetrical,0.833
U+03D5,ϕ,GREEK PHI SYMBOL,True,True,Symmetrical,0.783
U+03D6,ϖ,GREEK PI SYMBOL,False,False,Symmetrical,0.71
U+03D7,ϗ,GREEK KAI SYMBOL,False,True,Left-Pointing,0.795
U+03D8,Ϙ,GREEK LETTER ARCHAIC KOPPA,True,False,Symmetrical,0.87
U+03D9,ϙ,GREEK SMALL LETTER ARCHAIC KOPPA,False,True,Symmetrical,0.85
U+03DA,Ϛ,GREEK LETTER STIGMA,True,False,Right-Pointing,0.722
U+03DB,ϛ,GREEK SMALL LETTER STIGMA,False,True,Symmetrical,0.933
U+03DC,Ϝ,GREEK LETTER DIGAMMA,True,False,Right-Pointing,0.0
U+03DD,ϝ,GREEK SMALL LETTER DIGAMMA,False,True,Right-Pointing,0.0
U+03DE,Ϟ,GREEK LETTER KOPPA,True,False,Symmetrical,0.75
U+03DF,ϟ,GREEK SMALL LETTER KOPPA,True,True,Symmetrical,0.697
U+03E0,Ϡ,GREEK LETTER SAMPI,True,False,Left-Pointing,0.65
U+03E1,ϡ,GREEK SMALL LETTER SAMPI,True,True,Left-Pointing,0.667
U+03F0,ϰ,GREEK KAPPA SYMBOL,False,False,Symmetrical,0.839
U+03F1,ϱ,GREEK RHO SYMBOL,False,True,Symmetrical,0.946
U+03F2,ϲ,GREEK LUNATE SIGMA SYMBOL,False,False,Right-Pointing,0.895
U+03F3,ϳ,GREEK LETTER YOT,True,True,Left-Pointing,0.8
U+03F4,ϴ,GREEK CAPITAL THETA SYMBOL,True,False,Symmetrical,0.909
U+03F5,ϵ,GREEK LUNATE EPSILON SYMBOL,False,False,Right-Pointing,0.783
U+03F6,϶,GREEK REVERSED LUNATE EPSILON SYMBOL,False,False,Left-Pointing,0.783
U+03F7,Ϸ,GREEK CAPITAL LETTER SHO,True,False,Right-Pointing,0.5
U+03F8,ϸ,GREEK SMALL LETTER SHO,True,True,Right-Pointing,0.724
U+03F9,Ϲ,GREEK CAPITAL LUNATE SIGMA SYMBOL,True,False,Right-Pointing,0.895
U+03FA,Ϻ,GREEK CAPITAL LETTER SAN,True,False,Symmetrical,0.211
U+03FB,ϻ,GREEK SMALL LETTER SAN,False,True,Right-Pointing,0.25
U+03FC,ϼ,GREEK RHO WITH STROKE SYMBOL,False,True,Symmetrical,0.621
U+03FD,Ͻ,GREEK CAPITAL REVERSED LUNATE SIGMA SYMBOL,True,False,Left-Pointing,0.9
U+03FE,Ͼ,GREEK CAPITAL DOTTED LUNATE SIGMA SYMBOL,True,False,Right-Pointing,0.926
U+03FF,Ͽ,GREEK CAPITAL REVERSED DOTTED LUNATE SIGMA SYMBOL,True,False,Left-Pointing,0.929
U+0400,Ѐ,CYRILLIC CAPITAL LETTER IE WITH GRAVE,True,False,Right-Pointing,0.3
U+0401,Ё,CYRILLIC CAPITAL LETTER IO,True,False,Right-Pointing,0.593
U+0402,Ђ,CYRILLIC CAPITAL LETTER DJE,True,False,Symmetrical,0.44
U+0403,Ѓ,CYRILLIC CAPITAL LETTER GJE,True,False,Right-Pointing,0.429
U+0404,Є,CYRILLIC CAPITAL LETTER UKRAINIAN IE,True,False,Right-Pointing,0.773
U+0405,Ѕ,CYRILLIC CAPITAL LETTER DZE,True,False,Symmetrical,0.933
U+0406,І,CYRILLIC CAPITAL LETTER BYELORUSSIAN-UKRAINIAN I,True,False,Symmetrical,0.0
U+0407,Ї,CYRILLIC CAPITAL LETTER YI,True,False,Symmetrical,0.593
U+0408,Ј,CYRILLIC CAPITAL LETTER JE,True,True,Left-Pointing,0.692
U+0409,Љ,CYRILLIC CAPITAL LETTER LJE,True,False,Symmetrical,0.735
U+040A,Њ,CYRILLIC CAPITAL LETTER NJE,True,False,Symmetrical,0.391
U+040B,Ћ,CYRILLIC CAPITAL LETTER TSHE,True,False,Symmetrical,0.235
U+040C,Ќ,CYRILLIC CAPITAL LETTER KJE,True,False,Right-Pointing,0.316
U+040D,Ѝ,CYRILLIC CAPITAL LETTER I WITH GRAVE,True,False,Symmetrical,0.462
U+040E,Ў,CYRILLIC CAPITAL LETTER SHORT U,True,False,Symmetrical,0.724
U+040F,Џ,CYRILLIC CAPITAL LETTER DZHE,True,True,Symmetrical,0.0
U+0410,А,CYRILLIC CAPITAL LETTER A,True,False,Symmetrical,0.357
U+0411,Б,CYRILLIC CAPITAL LETTER BE,True,False,Right-Pointing,0.529
U+0412,В,CYRILLIC CAPITAL LETTER VE,True,False,Right-Pointing,0.708
U+0413,Г,CYRILLIC CAPITAL LETTER GHE,True,False,Right-Pointing,0.0
U+0414,Д,CYRILLIC CAPITAL LETTER DE,True,True,Symmetrical,0.4
U+0415,Е,CYRILLIC CAPITAL LETTER IE,True,False,Right-Pointing,0.0
U+0416,Ж,CYRILLIC CAPITAL LETTER ZHE,True,False,Symmetrical,0.0
U+0417,З,CYRILLIC CAPITAL LETTER ZE,True,False,Left-Pointing,0.8
U+0418,И,CYRILLIC CAPITAL LETTER I,True,False,Symmetrical,0.353
U+0419,Й,CYRILLIC CAPITAL LETTER SHORT I,True,False,Symmetrical,0.538
U+041A,К,CYRILLIC CAPITAL LETTER KA,True,False,Right-Pointing,0.0
U+041B,Л,CYRILLIC CAPITAL LETTER EL,True,False,Left-Pointing,0.762
U+041C,М,CYRILLIC CAPITAL LETTER EM,True,False,Symmetrical,0.211
U+041D,Н,CYRILLIC CAPITAL LETTER EN,True,False,Symmetrical,0.0
U+041E,О,CYRILLIC CAPITAL LETTER O,True,False,Symmetrical,1.0
U+041F,П,CYRILLIC CAPITAL LETTER PE,True,False,Symmetrical,0.0
U+0420,Р,CYRILLIC CAPITAL LETTER ER,True,False,Right-Pointing,0.562
U+0421,С,CYRILLIC CAPITAL LETTER ES,True,False,Right-Pointing,0.895
U+0422,Т,CYRILLIC CAPITAL LETTER TE,True,False,Symmetrical,0.0
U+0423,У,CYRILLIC CAPITAL LETTER U,True,False,Symmetrical,0.65
U+0424,Ф,CYRILLIC CAPITAL LETTER EF,True,False,Symmetrical,0.828
U+0425,Х,CYRILLIC CAPITAL LETTER HA,True,False,Symmetrical,0.0
U+0426,Ц,CYRILLIC CAPITAL LETTER TSE,True,True,Symmetrical,0.0
U+0427,Ч,CYRILLIC CAPITAL LETTER CHE,True,False,Left-Pointing,0.533
U+0428,Ш,CYRILLIC CAPITAL LETTER SHA,True,False,Symmetrical,0.0
U+0429,Щ,CYRILLIC CAPITAL LETTER SHCHA,True,True,Symmetrical,0.0
U+042A,Ъ,CYRILLIC CAPITAL LETTER HARD SIGN,True,False,Symmetrical,0.529
U+042B,Ы,CYRILLIC CAPITAL LETTER YERU,True,False,Symmetrical,0.5
U+042C,Ь,CYRILLIC CAPITAL LETTER SOFT SIGN,True,False,Right-Pointing,0.571
U+042D,Э,CYRILLIC CAPITAL LETTER E,True,False,Left-Pointing,0.783
U+042E,Ю,CYRILLIC CAPITAL LETTER YU,True,False,Symmetrical,0.741
U+042F,Я,CYRILLIC CAPITAL LETTER YA,True,False,Left-Pointing,0.5
U+0430,а,CYRILLIC SMALL LETTER A,False,False,Left-Pointing,0.714
U+0431,б,CYRILLIC SMALL LETTER BE,True,False,Symmetrical,0.938
U+0432,в,CYRILLIC SMALL LETTER VE,False,False,Symmetrical,0.615
U+0433,г,CYRILLIC SMALL LETTER GHE,False,False,Right-Pointing,0.0
U+0434,д,CYRILLIC SMALL LETTER DE,False,True,Symmetrical,0.294
U+0435,е,CYRILLIC SMALL LETTER IE,False,False,Symmetrical,0.826
U+0436,ж,CYRILLIC SMALL LETTER ZHE,False,False,Symmetrical,0.0
U+0437,з,CYRILLIC SMALL LETTER ZE,False,False,Left-Pointing,0.793
U+0438,и,CYRILLIC SMALL LETTER I,False,False,Symmetrical,0.4
U+0439,й,CYRILLIC SMALL LETTER SHORT I,True,False,Symmetrical,0.583
U+043A,к,CYRILLIC SMALL LETTER KA,False,False,Right-Pointing,0.0
U+043B,л,CYRILLIC SMALL LETTER EL,False,False,Left-Pointing,0.643
U+043C,м,CYRILLIC SMALL LETTER EM,False,False,Symmetrical,0.176
U+043D,н,CYRILLIC SMALL LETTER EN,False,False,Symmetrical,0.0
U+043E,о,CYRILLIC SMALL LETTER O,False,False,Symmetrical,1.0
U+043F,п,CYRILLIC SMALL LETTER PE,False,False,Symmetrical,0.0
U+0440,р,CYRILLIC SMALL LETTER ER,False,True,Right-Pointing,0.704
U+0441,с,CYRILLIC SMALL LETTER ES,False,False,Right-Pointing,0.895
U+0442,т,CYRILLIC SMALL LETTER TE,False,False,Symmetrical,0.0
U+0443,у,CYRILLIC SMALL LETTER U,False,True,Symmetrical,0.6
U+0444,ф,CYRILLIC SMALL LETTER EF,True,True,Symmetrical,0.783
U+0445,х,CYRILLIC SMALL LETTER HA,False,False,Symmetrical,0.0
U+0446,ц,CYRILLIC SMALL LETTER TSE,False,True,Symmetrical,0.0
U+0447,ч,CYRILLIC SMALL LETTER CHE,False,False,Left-Pointing,0.5
U+0448,ш,CYRILLIC SMALL LETTER SHA,False,False,Symmetrical,0.0
U+0449,щ,CYRILLIC SMALL LETTER SHCHA,False,True,Symmetrical,0.0
U+044A,ъ,CYRILLIC SMALL LETTER HARD SIGN,False,False,Symmetrical,0.471
U+044B,ы,CYRILLIC SMALL LETTER YERU,False,False,Symmetrical,0.471
U+044C,ь,CYRILLIC SMALL LETTER SOFT SIGN,False,False,Right-Pointing,0.5
U+044D,э,CYRILLIC SMALL LETTER E,False,False,Left-Pointing,0.783
U+044E,ю,CYRILLIC SMALL LETTER YU,False,False,Symmetrical,0.708
U+044F,я,CYRILLIC SMALL LETTER YA,False,False,Left-Pointing,0.474
U+0450,ѐ,CYRILLIC SMALL LETTER IE WITH GRAVE,True,False,Symmetrical,0.781
U+0451,ё,CYRILLIC SMALL LETTER IO,True,False,Symmetrical,0.897
U+0452,ђ,CYRILLIC SMALL LETTER DJE,True,True,Symmetrical,0.5
U+0453,ѓ,CYRILLIC SMALL LETTER GJE,True,False,Right-Pointing,0.429
U+0454,є,CYRILLIC SMALL LETTER UKRAINIAN IE,False,False,Right-Pointing,0.783
U+0455,ѕ,CYRILLIC SMALL LETTER DZE,False,False,Symmetrical,0.933
U+0456,і,CYRILLIC SMALL LETTER BYELORUSSIAN-UKRAINIAN I,True,False,Symmetrical,0.727
U+0457,ї,CYRILLIC SMALL LETTER YI,True,False,Symmetrical,0.842
U+0458,ј,CYRILLIC SMALL LETTER JE,True,True,Left-Pointing,0.8
U+0459,љ,CYRILLIC SMALL LETTER LJE,False,False,Symmetrical,0.64
U+045A,њ,CYRILLIC SMALL LETTER NJE,False,False,Right-Pointing,0.348
U+045B,ћ,CYRILLIC SMALL LETTER TSHE,True,False,Symmetrical,0.36
U+045C,ќ,CYRILLIC SMALL LETTER KJE,True,False,Right-Pointing,0.316
U+045D,ѝ,CYRILLIC SMALL LETTER I WITH GRAVE,True,False,Symmetrical,0.5
U+045E,ў,CYRILLIC SMALL LETTER SHORT U,True,True,Symmetrical,0.69
U+045F,џ,CYRILLIC SMALL LETTER DZHE,False,True,Symmetrical,0.0
U+0460,Ѡ,CYRILLIC CAPITAL LETTER OMEGA,True,False,Symmetrical,0.733
U+0461,ѡ,CYRILLIC SMALL LETTER OMEGA,False,False,Symmetrical,0.704
U+0462,Ѣ,CYRILLIC CAPITAL LETTER YAT,True,False,Symmetrical,0.391
U+0463,ѣ,CYRILLIC SMALL LETTER YAT,True,False,Symmetrical,0.318
U+0464,Ѥ,CYRILLIC CAPITAL LETTER IOTIFIED E,True,False,Right-Pointing,0.6
U+0465,ѥ,CYRILLIC SMALL LETTER IOTIFIED E,False,False,Right-Pointing,0.586
U+0466,Ѧ,CYRILLIC CAPITAL LETTER LITTLE YUS,True,False,Symmetrical,0.263
U+0467,ѧ,CYRILLIC SMALL LETTER LITTLE YUS,False,False,Symmetrical,0.125
U+0468,Ѩ,CYRILLIC CAPITAL LETTER IOTIFIED LITTLE YUS,True,False,Right-Pointing,0.154
U+0469,ѩ,CYRILLIC SMALL LETTER IOTIFIED LITTLE YUS,False,False,Right-Pointing,0.154
U+046A,Ѫ,CYRILLIC CAPITAL LETTER BIG YUS,True,False,Symmetrical,0.444
U+046B,ѫ,CYRILLIC SMALL LETTER BIG YUS,False,False,Symmetrical,0.444
U+046C,Ѭ,CYRILLIC CAPITAL LETTER IOTIFIED BIG YUS,True,False,Symmetrical,0.312
U+046D,ѭ,CYRILLIC SMALL LETTER IOTIFIED BIG YUS,False,False,Right-Pointing,0.333
U+046E,Ѯ,CYRILLIC CAPITAL LETTER KSI,True,True,Left-Pointing,0.855
U+046F,ѯ,CYRILLIC SMALL LETTER KSI,True,True,Left-Pointing,0.852
U+0470,Ѱ,CYRILLIC CAPITAL LETTER PSI,True,False,Symmetrical,0.522
U+0471,ѱ,CYRILLIC SMALL LETTER PSI,True,True,Symmetrical,0.625
U+0472,Ѳ,CYRILLIC CAPITAL LETTER FITA,True,False,Symmetrical,0.909
U+0473,ѳ,CYRILLIC SMALL LETTER FITA,False,False,Symmetrical,0.9
U+0474,Ѵ,CYRILLIC CAPITAL LETTER IZHITSA,True,False,Symmetrical,0.65
U+0475,ѵ,CYRILLIC SMALL LETTER IZHITSA,False,False,Symmetrical,0.6
U+0476,Ѷ,CYRILLIC CAPITAL LETTER IZHITSA WITH DOUBLE GRAVE ACCENT,True,False,Symmetrical,0.639
U+0477,ѷ,CYRILLIC SMALL LETTER IZHITSA WITH DOUBLE GRAVE ACCENT,True,False,Symmetrical,0.611
U+0478,Ѹ,CYRILLIC CAPITAL LETTER UK,True,True,Symmetrical,0.8
U+0479,ѹ,CYRILLIC SMALL LETTER UK,False,True,Symmetrical,0.789
U+047A,Ѻ,CYRILLIC CAPITAL LETTER ROUND OMEGA,True,True,Symmetrical,1.0
U+047B,ѻ,CYRILLIC SMALL LETTER ROUND OMEGA,False,False,Symmetrical,1.0
U+047C,Ѽ,CYRILLIC CAPITAL LETTER OMEGA WITH TITLO,True,False,Symmetrical,0.855
U+047D,ѽ,CYRILLIC SMALL LETTER OMEGA WITH TITLO,True,False,Symmetrical,0.82
U+047E,Ѿ,CYRILLIC CAPITAL LETTER OT,True,False,Symmetrical,0.512
U+047F,ѿ,CYRILLIC SMALL LETTER OT,True,False,Symmetrical,0.475
U+0480,Ҁ,CYRILLIC CAPITAL LETTER KOPPA,True,True,Right-Pointing,0.8
U+0481,ҁ,CYRILLIC SMALL LETTER KOPPA,False,True,Symmetrical,0.789
U+0482,҂,CYRILLIC THOUSANDS SIGN,True,False,Symmetrical,0.0
U+048A,Ҋ,CYRILLIC CAPITAL LETTER SHORT I WITH TAIL,True,True,Symmetrical,0.452
U+048B,ҋ,CYRILLIC SMALL LETTER SHORT I WITH TAIL,True,True,Symmetrical,0.464
U+048C,Ҍ,CYRILLIC CAPITAL LETTER SEMISOFT SIGN,True,False,Right-Pointing,0.348
U+048D,ҍ,CYRILLIC SMALL LETTER SEMISOFT SIGN,True,False,Right-Pointing,0.348
U+048E,Ҏ,CYRILLIC CAPITAL LETTER ER WITH TICK,True,False,Right-Pointing,0.435
U+048F,ҏ,CYRILLIC SMALL LETTER ER WITH TICK,False,True,Right-Pointing,0.588
U+0490,Ґ,CYRILLIC CAPITAL LETTER GHE WITH UPTURN,True,False,Right-Pointing,0.0
U+0491,ґ,CYRILLIC SMALL LETTER GHE WITH UPTURN,True,False,Right-Pointing,0.0
U+0492,Ғ,CYRILLIC CAPITAL LETTER GHE WITH STROKE,True,False,Right-Pointing,0.0
U+0493,ғ,CYRILLIC SMALL LETTER GHE WITH STROKE,False,False,Right-Pointing,0.0
U+0494,Ҕ,CYRILLIC CAPITAL LETTER GHE WITH MIDDLE HOOK,True,True,Right-Pointing,0.68
U+0495,ҕ,CYRILLIC SMALL LETTER GHE WITH MIDDLE HOOK,False,True,Symmetrical,0.708
U+0496,Җ,CYRILLIC CAPITAL LETTER ZHE WITH DESCENDER,True,True,Symmetrical,0.0
U+0497,җ,CYRILLIC SMALL LETTER ZHE WITH DESCENDER,False,True,Symmetrical,0.0
U+0498,Ҙ,CYRILLIC CAPITAL LETTER ZE WITH DESCENDER,True,True,Left-Pointing,0.829
U+0499,ҙ,CYRILLIC SMALL LETTER ZE WITH DESCENDER,False,True,Left-Pointing,0.821
U+049A,Қ,CYRILLIC CAPITAL LETTER KA WITH DESCENDER,True,True,Right-Pointing,0.0
U+049B,қ,CYRILLIC SMALL LETTER KA WITH DESCENDER,False,True,Right-Pointing,0.0
U+049C,Ҝ,CYRILLIC CAPITAL LETTER KA WITH VERTICAL STROKE,True,False,Right-Pointing,0.0
U+049D,ҝ,CYRILLIC SMALL LETTER KA WITH VERTICAL STROKE,False,False,Right-Pointing,0.0
U+049E,Ҟ,CYRILLIC CAPITAL LETTER KA WITH STROKE,True,False,Right-Pointing,0.0
U+049F,ҟ,CYRILLIC SMALL LETTER KA WITH STROKE,True,False,Right-Pointing,0.0
U+04A0,Ҡ,CYRILLIC CAPITAL LETTER BASHKIR KA,True,False,Symmetrical,0.0
U+04A1,ҡ,CYRILLIC SMALL LETTER BASHKIR KA,False,False,Symmetrical,0.0
U+04A2,Ң,CYRILLIC CAPITAL LETTER EN WITH DESCENDER,True,True,Symmetrical,0.0
U+04A3,ң,CYRILLIC SMALL LETTER EN WITH DESCENDER,False,True,Symmetrical,0.0
U+04A4,Ҥ,CYRILLIC CAPITAL LIGATURE EN GHE,True,False,Right-Pointing,0.0
U+04A5,ҥ,CYRILLIC SMALL LIGATURE EN GHE,False,False,Right-Pointing,0.0
U+04A6,Ҧ,CYRILLIC CAPITAL LETTER PE WITH MIDDLE HOOK,True,True,Symmetrical,0.654
U+04A7,ҧ,CYRILLIC SMALL LETTER PE WITH MIDDLE HOOK,False,True,Symmetrical,0.667
U+04A8,Ҩ,CYRILLIC CAPITAL LETTER ABKHASIAN HA,True,False,Symmetrical,0.955
U+04A9,ҩ,CYRILLIC SMALL LETTER ABKHASIAN HA,False,False,Symmetrical,0.953
U+04AA,Ҫ,CYRILLIC CAPITAL LETTER ES WITH DESCENDER,True,True,Right-Pointing,0.9
U+04AB,ҫ,CYRILLIC SMALL LETTER ES WITH DESCENDER,False,True,Right-Pointing,0.897
U+04AC,Ҭ,CYRILLIC CAPITAL LETTER TE WITH DESCENDER,True,True,Symmetrical,0.0
U+04AD,ҭ,CYRILLIC SMALL LETTER TE WITH DESCENDER,False,True,Symmetrical,0.0
U+04AE,Ү,CYRILLIC CAPITAL LETTER STRAIGHT U,True,False,Symmetrical,0.0
U+04AF,ү,CYRILLIC SMALL LETTER STRAIGHT U,False,True,Symmetrical,0.308
U+04B0,Ұ,CYRILLIC CAPITAL LETTER STRAIGHT U WITH STROKE,True,False,Symmetrical,0.0
U+04B1,ұ,CYRILLIC SMALL LETTER STRAIGHT U WITH STROKE,False,True,Symmetrical,0.211
U+04B2,Ҳ,CYRILLIC CAPITAL LETTER HA WITH DESCENDER,True,True,Symmetrical,0.0
U+04B3,ҳ,CYRILLIC SMALL LETTER HA WITH DESCENDER,False,True,Symmetrical,0.0
U+04B4,Ҵ,CYRILLIC CAPITAL LIGATURE TE TSE,True,True,Left-Pointing,0.0
U+04B5,ҵ,CYRILLIC SMALL LIGATURE TE TSE,False,True,Left-Pointing,0.0
U+04B6,Ҷ,CYRILLIC CAPITAL LETTER CHE WITH DESCENDER,True,True,Left-Pointing,0.421
U+04B7,ҷ,CYRILLIC SMALL LETTER CHE WITH DESCENDER,False,True,Left-Pointing,0.389
U+04B8,Ҹ,CYRILLIC CAPITAL LETTER CHE WITH VERTICAL STROKE,True,False,Left-Pointing,0.381
U+04B9,ҹ,CYRILLIC SMALL LETTER CHE WITH VERTICAL STROKE,False,False,Left-Pointing,0.381
U+04BA,Һ,CYRILLIC CAPITAL LETTER SHHA,True,False,Right-Pointing,0.533
U+04BB,һ,CYRILLIC SMALL LETTER SHHA,True,False,Right-Pointing,0.5
U+04BC,Ҽ,CYRILLIC CAPITAL LETTER ABKHASIAN CHE,True,False,Symmetrical,0.774
U+04BD,ҽ,CYRILLIC SMALL LETTER ABKHASIAN CHE,False,False,Symmetrical,0.806
U+04BE,Ҿ,CYRILLIC CAPITAL LETTER ABKHASIAN CHE WITH DESCENDER,True,True,Symmetrical,0.714
U+04BF,ҿ,CYRILLIC SMALL LETTER ABKHASIAN CHE WITH DESCENDER,False,True,Symmetrical,0.75
U+04C0,Ӏ,CYRILLIC LETTER PALOCHKA,True,False,Symmetrical,0.0
U+04C1,Ӂ,CYRILLIC CAPITAL LETTER ZHE WITH BREVE,True,False,Symmetrical,0.308
U+04C2,ӂ,CYRILLIC SMALL LETTER ZHE WITH BREVE,True,False,Symmetrical,0.308
U+04C3,Ӄ,CYRILLIC CAPITAL LETTER KA WITH HOOK,True,True,Symmetrical,0.667
U+04C4,ӄ,CYRILLIC SMALL LETTER KA WITH HOOK,False,True,Symmetrical,0.64
U+04C5,Ӆ,CYRILLIC CAPITAL LETTER EL WITH TAIL,True,True,Left-Pointing,0.64
U+04C6,ӆ,CYRILLIC SMALL LETTER EL WITH TAIL,False,True,Left-Pointing,0.438
U+04C7,Ӈ,CYRILLIC CAPITAL LETTER EN WITH HOOK,True,True,Symmetrical,0.45
U+04C8,ӈ,CYRILLIC SMALL LETTER EN WITH HOOK,False,True,Symmetrical,0.45
U+04C9,Ӊ,CYRILLIC CAPITAL LETTER EN WITH TAIL,True,True,Symmetrical,0.0
U+04CA,ӊ,CYRILLIC SMALL LETTER EN WITH TAIL,False,True,Symmetrical,0.0
U+04CB,Ӌ,CYRILLIC CAPITAL LETTER KHAKASSIAN CHE,True,True,Left-Pointing,0.421
U+04CC,ӌ,CYRILLIC SMALL LETTER KHAKASSIAN CHE,False,True,Left-Pointing,0.389
U+04CD,Ӎ,CYRILLIC CAPITAL LETTER EM WITH TAIL,True,True,Symmetrical,0.24
U+04CE,ӎ,CYRILLIC SMALL LETTER EM WITH TAIL,False,True,Symmetrical,0.143
U+04CF,ӏ,CYRILLIC SMALL LETTER PALOCHKA,True,False,Symmetrical,0.0
U+04D0,Ӑ,CYRILLIC CAPITAL LETTER A WITH BREVE,True,False,Symmetrical,0.565
U+04D1,ӑ,CYRILLIC SMALL LETTER A WITH BREVE,True,False,Left-Pointing,0.757
U+04D2,Ӓ,CYRILLIC CAPITAL LETTER A WITH DIAERESIS,True,False,Symmetrical,0.7
U+04D3,ӓ,CYRILLIC SMALL LETTER A WITH DIAERESIS,True,False,Left-Pointing,0.818
U+04D4,Ӕ,CYRILLIC CAPITAL LIGATURE A IE,True,False,Symmetrical,0.0
U+04D5,ӕ,CYRILLIC SMALL LIGATURE A IE,False,False,Symmetrical,0.818
U+04D6,Ӗ,CYRILLIC CAPITAL LETTER IE WITH BREVE,True,False,Right-Pointing,0.4
U+04D7,ӗ,CYRILLIC SMALL LETTER IE WITH BREVE,True,False,Symmetrical,0.844
U+04D8,Ә,CYRILLIC CAPITAL LETTER SCHWA,True,False,Symmetrical,0.833
U+04D9,ә,CYRILLIC SMALL LETTER SCHWA,False,False,Symmetrical,0.864
U+04DA,Ӛ,CYRILLIC CAPITAL LETTER SCHWA WITH DIAERESIS,True,False,Symmetrical,0.9
U+04DB,ӛ,CYRILLIC SMALL LETTER SCHWA WITH DIAERESIS,True,False,Symmetrical,0.921
U+04DC,Ӝ,CYRILLIC CAPITAL LETTER ZHE WITH DIAERESIS,True,False,Symmetrical,0.485
U+04DD,ӝ,CYRILLIC SMALL LETTER ZHE WITH DIAERESIS,True,False,Symmetrical,0.485
U+04DE,Ӟ,CYRILLIC CAPITAL LETTER ZE WITH DIAERESIS,True,False,Left-Pointing,0.87
U+04DF,ӟ,CYRILLIC SMALL LETTER ZE WITH DIAERESIS,True,False,Left-Pointing,0.867
U+04E0,Ӡ,CYRILLIC CAPITAL LETTER ABKHASIAN DZE,True,False,Left-Pointing,0.6
U+04E1,ӡ,CYRILLIC SMALL LETTER ABKHASIAN DZE,False,True,Left-Pointing,0.636
U+04E2,Ӣ,CYRILLIC CAPITAL LETTER I WITH MACRON,True,False,Symmetrical,0.3
U+04E3,ӣ,CYRILLIC SMALL LETTER I WITH MACRON,True,False,Symmetrical,0.333
U+04E4,Ӥ,CYRILLIC CAPITAL LETTER I WITH DIAERESIS,True,False,Symmetrical,0.667
U+04E5,ӥ,CYRILLIC SMALL LETTER I WITH DIAERESIS,True,False,Symmetrical,0.71
U+04E6,Ӧ,CYRILLIC CAPITAL LETTER O WITH DIAERESIS,True,False,Symmetrical,1.0
U+04E7,ӧ,CYRILLIC SMALL LETTER O WITH DIAERESIS,True,False,Symmetrical,1.0
U+04E8,Ө,CYRILLIC CAPITAL LETTER BARRED O,True,False,Symmetrical,0.909
U+04E9,ө,CYRILLIC SMALL LETTER BARRED O,False,False,Symmetrical,0.9
U+04EA,Ӫ,CYRILLIC CAPITAL LETTER BARRED O WITH DIAERESIS,True,False,Symmetrical,0.947
U+04EB,ӫ,CYRILLIC SMALL LETTER BARRED O WITH DIAERESIS,True,False,Symmetrical,0.944
U+04EC,Ӭ,CYRILLIC CAPITAL LETTER E WITH DIAERESIS,True,False,Left-Pointing,0.872
U+04ED,ӭ,CYRILLIC SMALL LETTER E WITH DIAERESIS,True,False,Symmetrical,0.872
U+04EE,Ӯ,CYRILLIC CAPITAL LETTER U WITH MACRON,True,False,Symmetrical,0.565
U+04EF,ӯ,CYRILLIC SMALL LETTER U WITH MACRON,True,True,Symmetrical,0.522
U+04F0,Ӱ,CYRILLIC CAPITAL LETTER U WITH DIAERESIS,True,False,Symmetrical,0.806
U+04F1,ӱ,CYRILLIC SMALL LETTER U WITH DIAERESIS,True,True,Symmetrical,0.778
U+04F2,Ӳ,CYRILLIC CAPITAL LETTER U WITH DOUBLE ACUTE,True,False,Symmetrical,0.649
U+04F3,ӳ,CYRILLIC SMALL LETTER U WITH DOUBLE ACUTE,True,True,Symmetrical,0.622
U+04F4,Ӵ,CYRILLIC CAPITAL LETTER CHE WITH DIAERESIS,True,False,Left-Pointing,0.774
U+04F5,ӵ,CYRILLIC SMALL LETTER CHE WITH DIAERESIS,True,False,Left-Pointing,0.767
U+04F6,Ӷ,CYRILLIC CAPITAL LETTER GHE WITH DESCENDER,True,True,Right-Pointing,0.0
U+04F7,ӷ,CYRILLIC SMALL LETTER GHE WITH DESCENDER,False,True,Right-Pointing,0.0
U+04F8,Ӹ,CYRILLIC CAPITAL LETTER YERU WITH DIAERESIS,True,False,Symmetrical,0.735
U+04F9,ӹ,CYRILLIC SMALL LETTER YERU WITH DIAERESIS,True,False,Symmetrical,0.727
U+04FA,Ӻ,CYRILLIC CAPITAL LETTER GHE WITH STROKE AND HOOK,True,True,Right-Pointing,0.28
U+04FB,ӻ,CYRILLIC SMALL LETTER GHE WITH STROKE AND HOOK,False,True,Right-Pointing,0.28
U+04FC,Ӽ,CYRILLIC CAPITAL LETTER HA WITH HOOK,True,True,Symmetrical,0.304
U+04FD,ӽ,CYRILLIC SMALL LETTER HA WITH HOOK,False,True,Left-Pointing,0.304
U+04FE,Ӿ,CYRILLIC CAPITAL LETTER HA WITH STROKE,True,False,Symmetrical,0.0
U+04FF,ӿ,CYRILLIC SMALL LETTER HA WITH STROKE,False,False,Symmetrical,0.0
